"id","make_id","model","year","vin","color","price","city","state","postal","longitude","latitude","description","seller","seller_name","image","image_thumb"
"240","Buick","Century","2003","KL4CJDSB3EB020409","Purple","99943","Des Moines","Iowa","50330","58.4767","-16.1003","Cras mi pede\, malesuada in\, imperdiet et\, commodo vulputate\, justo. In blandit ultrices enim. Lorem ipsum dolor sit amet\, consectetuer adipiscing elit. Proin interdum mauris non ligula pellentesque ultrices. Phasellus id sapien in sapien iaculis congue. Vivamus metus arcu\, adipiscing molestie\, hendrerit at\, vulputate vitae\, nisl. Aenean lectus. Pellentesque eget nunc. Donec quis orci eget orci vehicula condimentum.","Lorena97","Kay Trent","https://images.unsplash.com/photo-1506469717960-433cebe3f181?ixlib=rb-1.2.1&q=80&fm=jpg&crop=entropy&cs=tinysrgb&w=1080&fit=max&ixid=eyJhcHBfaWQiOjEzMjA3NH0","https://images.unsplash.com/photo-1506469717960-433cebe3f181?ixlib=rb-1.2.1&q=80&fm=jpg&crop=entropy&cs=tinysrgb&w=200&fit=max&ixid=eyJhcHBfaWQiOjEzMjA3NH0"
"239","Eagle","Talon","1992","5FRYD4H44GB345161","Maroon","10511","Portland","Oregon","97221","122.0415","-49.0016","Cras pellentesque volutpat dui. Maecenas tristique\, est et tempus semper\, est quam pharetra magna\, ac consequat metus sapien ut nunc. Vestibulum ante ipsum primis in faucibus orci luctus et ultrices posuere cubilia Curae; Mauris viverra diam vitae quam. Suspendisse potenti. Nullam porttitor lacus at turpis. Donec posuere metus vitae ipsum. Aliquam non mauris. Morbi non lectus. Aliquam sit amet diam in magna bibendum imperdiet. Nullam orci pede\, venenatis non\, sodales sed\, tincidunt eu\, felis.","Clinton_Reichel11","Nixie Mobius","https://images.unsplash.com/photo-1489008777659-ad1fc8e07097?ixlib=rb-1.2.1&q=80&fm=jpg&crop=entropy&cs=tinysrgb&w=1080&fit=max&ixid=eyJhcHBfaWQiOjEzMjA3NH0","https://images.unsplash.com/photo-1489008777659-ad1fc8e07097?ixlib=rb-1.2.1&q=80&fm=jpg&crop=entropy&cs=tinysrgb&w=200&fit=max&ixid=eyJhcHBfaWQiOjEzMjA3NH0"
"238","Honda","Civic","2011","2C3CA6CT5AH695662","Violet","41064","Spokane","Washington","99220","-53.5747","-41.4044","Ut at dolor quis odio consequat varius. Integer ac leo. Pellentesque ultrices mattis odio. Donec vitae nisi. Nam ultrices\, libero non mattis pulvinar\, nulla pede ullamcorper augue\, a suscipit nulla elit ac nulla. Sed vel enim sit amet nunc viverra dapibus. Nulla suscipit ligula in lacus.","Alexzander20","Raymond Assiter","https://images.unsplash.com/photo-1458188793901-87f9ec7bd399?ixlib=rb-1.2.1&q=80&fm=jpg&crop=entropy&cs=tinysrgb&w=1080&fit=max&ixid=eyJhcHBfaWQiOjEzMjA3NH0","https://images.unsplash.com/photo-1458188793901-87f9ec7bd399?ixlib=rb-1.2.1&q=80&fm=jpg&crop=entropy&cs=tinysrgb&w=200&fit=max&ixid=eyJhcHBfaWQiOjEzMjA3NH0"
"237","Pontiac","Trans Sport","1991","3VW467AT5DM123388","Orange","56903","Beaufort","South Carolina","29905","28.2479","10.8264","Nulla mollis molestie lorem. Quisque ut erat. Curabitur gravida nisi at nibh. In hac habitasse platea dictumst. Aliquam augue quam\, sollicitudin vitae\, consectetuer eget\, rutrum at\, lorem. Integer tincidunt ante vel ipsum.","Eileen_Jast43","Kitty Roscrigg","https://images.unsplash.com/photo-1498946168008-9b2e06e76ea0?ixlib=rb-1.2.1&q=80&fm=jpg&crop=entropy&cs=tinysrgb&w=1080&fit=max&ixid=eyJhcHBfaWQiOjEzMjA3NH0","https://images.unsplash.com/photo-1498946168008-9b2e06e76ea0?ixlib=rb-1.2.1&q=80&fm=jpg&crop=entropy&cs=tinysrgb&w=200&fit=max&ixid=eyJhcHBfaWQiOjEzMjA3NH0"
"236","Chevrolet","Silverado 3500","2006","KMHHT6KD6BU000931","Goldenrod","23505","Wichita","Kansas","67210","68.5227","56.5897","Fusce consequat. Nulla nisl. Nunc nisl. Duis bibendum\, felis sed interdum venenatis\, turpis enim blandit mi\, in porttitor pede justo eu massa. Donec dapibus. Duis at velit eu est congue elementum.","Lorna.Baumbach67","Averill Frid","https://images.unsplash.com/photo-1491573510686-b800ae4d955e?ixlib=rb-1.2.1&q=80&fm=jpg&crop=entropy&cs=tinysrgb&w=1080&fit=max&ixid=eyJhcHBfaWQiOjEzMjA3NH0","https://images.unsplash.com/photo-1491573510686-b800ae4d955e?ixlib=rb-1.2.1&q=80&fm=jpg&crop=entropy&cs=tinysrgb&w=200&fit=max&ixid=eyJhcHBfaWQiOjEzMjA3NH0"
"235","Mazda","626","1988","JN1CV6FE2DM809070","Pink","35743","Saint Petersburg","Florida","33715","160.3686","77.2027","Quisque erat eros\, viverra eget\, congue eget\, semper rutrum\, nulla. Nunc purus. Phasellus in felis.","Kelly65","Silvan MacGorley","https://images.unsplash.com/photo-1469854523086-cc02fe5d8800?ixlib=rb-1.2.1&q=80&fm=jpg&crop=entropy&cs=tinysrgb&w=1080&fit=max&ixid=eyJhcHBfaWQiOjEzMjA3NH0","https://images.unsplash.com/photo-1469854523086-cc02fe5d8800?ixlib=rb-1.2.1&q=80&fm=jpg&crop=entropy&cs=tinysrgb&w=200&fit=max&ixid=eyJhcHBfaWQiOjEzMjA3NH0"
"234","Mazda","Protege","2002","SCBLC37F04C590255","Aquamarine","36946","Trenton","New Jersey","8608","130.3184","-72.6748","Aenean lectus. Pellentesque eget nunc.","Fatima67","Bradley Micallef","https://images.unsplash.com/14/unsplash_5243e9ef164a5_1.JPG?ixlib=rb-1.2.1&q=80&fm=jpg&crop=entropy&cs=tinysrgb&w=1080&fit=max&ixid=eyJhcHBfaWQiOjEzMjA3NH0","https://images.unsplash.com/14/unsplash_5243e9ef164a5_1.JPG?ixlib=rb-1.2.1&q=80&fm=jpg&crop=entropy&cs=tinysrgb&w=200&fit=max&ixid=eyJhcHBfaWQiOjEzMjA3NH0"
"233","Buick","Skylark","1994","1GYS4SKJ6FR512956","Violet","53248","Springfield","Massachusetts","1152","61.219","23.7337","Morbi vestibulum\, velit id pretium iaculis\, diam erat fermentum justo\, nec condimentum neque sapien placerat ante. Nulla justo. Aliquam quis turpis eget elit sodales scelerisque. Mauris sit amet eros. Suspendisse accumsan tortor quis turpis. Sed ante. Vivamus tortor. Duis mattis egestas metus. Aenean fermentum. Donec ut mauris eget massa tempor convallis.","Mellie.Hilpert25","Joannes Daudray","https://images.unsplash.com/photo-1500073505333-7df7a702e5f0?ixlib=rb-1.2.1&q=80&fm=jpg&crop=entropy&cs=tinysrgb&w=1080&fit=max&ixid=eyJhcHBfaWQiOjEzMjA3NH0","https://images.unsplash.com/photo-1500073505333-7df7a702e5f0?ixlib=rb-1.2.1&q=80&fm=jpg&crop=entropy&cs=tinysrgb&w=200&fit=max&ixid=eyJhcHBfaWQiOjEzMjA3NH0"
"232","Nissan","Pathfinder","2006","WAUHE78P48A048294","Khaki","9470","Vancouver","Washington","98664","106.9566","4.867","Vivamus metus arcu\, adipiscing molestie\, hendrerit at\, vulputate vitae\, nisl. Aenean lectus. Pellentesque eget nunc.","Cameron20","Clerkclaude Pocklington","https://images.unsplash.com/photo-1492144534655-ae79c964c9d7?ixlib=rb-1.2.1&q=80&fm=jpg&crop=entropy&cs=tinysrgb&w=1080&fit=max&ixid=eyJhcHBfaWQiOjEzMjA3NH0","https://images.unsplash.com/photo-1492144534655-ae79c964c9d7?ixlib=rb-1.2.1&q=80&fm=jpg&crop=entropy&cs=tinysrgb&w=200&fit=max&ixid=eyJhcHBfaWQiOjEzMjA3NH0"
"231","BMW","8 Series","1994","JM1DE1HY2B0664614","Crimson","69831","Phoenix","Arizona","85099","-84.0902","-66.2825","Suspendisse accumsan tortor quis turpis. Sed ante. Vivamus tortor. Duis mattis egestas metus. Aenean fermentum. Donec ut mauris eget massa tempor convallis. Nulla neque libero\, convallis eget\, eleifend luctus\, ultricies eu\, nibh. Quisque id justo sit amet sapien dignissim vestibulum. Vestibulum ante ipsum primis in faucibus orci luctus et ultrices posuere cubilia Curae; Nulla dapibus dolor vel est. Donec odio justo\, sollicitudin ut\, suscipit a\, feugiat et\, eros.","Abigayle.Wilkinson36","Kipp Sandilands","https://images.unsplash.com/photo-1504215680853-026ed2a45def?ixlib=rb-1.2.1&q=80&fm=jpg&crop=entropy&cs=tinysrgb&w=1080&fit=max&ixid=eyJhcHBfaWQiOjEzMjA3NH0","https://images.unsplash.com/photo-1504215680853-026ed2a45def?ixlib=rb-1.2.1&q=80&fm=jpg&crop=entropy&cs=tinysrgb&w=200&fit=max&ixid=eyJhcHBfaWQiOjEzMjA3NH0"
"230","Saab","900","1996","3GYFK66N33G292439","Aquamarine","14403","Burbank","California","91520","112.4487","-32.6885","Suspendisse potenti. In eleifend quam a odio. In hac habitasse platea dictumst.","Skylar_Zboncak","David Fincke","https://images.unsplash.com/photo-1516298252535-cf2ac5147f9b?ixlib=rb-1.2.1&q=80&fm=jpg&crop=entropy&cs=tinysrgb&w=1080&fit=max&ixid=eyJhcHBfaWQiOjEzMjA3NH0","https://images.unsplash.com/photo-1516298252535-cf2ac5147f9b?ixlib=rb-1.2.1&q=80&fm=jpg&crop=entropy&cs=tinysrgb&w=200&fit=max&ixid=eyJhcHBfaWQiOjEzMjA3NH0"
"229","Ford","F350","1999","3D7TT2CT8AG875397","Khaki","16744","Sacramento","California","94207","42.946","67.6335","Nulla ac enim. In tempor\, turpis nec euismod scelerisque\, quam turpis adipiscing lorem\, vitae mattis nibh ligula nec sem. Duis aliquam convallis nunc. Proin at turpis a pede posuere nonummy. Integer non velit. Donec diam neque\, vestibulum eget\, vulputate ut\, ultrices vel\, augue. Vestibulum ante ipsum primis in faucibus orci luctus et ultrices posuere cubilia Curae; Donec pharetra\, magna vestibulum aliquet ultrices\, erat tortor sollicitudin mi\, sit amet lobortis sapien sapien non mi. Integer ac neque. Duis bibendum. Morbi non quam nec dui luctus rutrum.","Yvonne.Rath96","Salvatore Causbey","https://images.unsplash.com/photo-1535063130681-0fe292a3524b?ixlib=rb-1.2.1&q=80&fm=jpg&crop=entropy&cs=tinysrgb&w=1080&fit=max&ixid=eyJhcHBfaWQiOjEzMjA3NH0","https://images.unsplash.com/photo-1535063130681-0fe292a3524b?ixlib=rb-1.2.1&q=80&fm=jpg&crop=entropy&cs=tinysrgb&w=200&fit=max&ixid=eyJhcHBfaWQiOjEzMjA3NH0"
"228","Infiniti","G37","2010","JN1AJ0HP6AM591189","Green","55085","Dallas","Texas","75397","123.9946","-63.5442","Quisque id justo sit amet sapien dignissim vestibulum. Vestibulum ante ipsum primis in faucibus orci luctus et ultrices posuere cubilia Curae; Nulla dapibus dolor vel est.","Verner_Emard93","Valentijn Wasmer","https://images.unsplash.com/photo-1532581140115-3e355d1ed1de?ixlib=rb-1.2.1&q=80&fm=jpg&crop=entropy&cs=tinysrgb&w=1080&fit=max&ixid=eyJhcHBfaWQiOjEzMjA3NH0","https://images.unsplash.com/photo-1532581140115-3e355d1ed1de?ixlib=rb-1.2.1&q=80&fm=jpg&crop=entropy&cs=tinysrgb&w=200&fit=max&ixid=eyJhcHBfaWQiOjEzMjA3NH0"
"227","Jeep","Wrangler","1997","JTDZN3EU1D3001099","Crimson","52705","New York City","New York","10160","15.1402","34.9318","Etiam justo. Etiam pretium iaculis justo.","Emilio.Mayer","Marietta Tandy","https://images.unsplash.com/photo-1532450282623-cad447985374?ixlib=rb-1.2.1&q=80&fm=jpg&crop=entropy&cs=tinysrgb&w=1080&fit=max&ixid=eyJhcHBfaWQiOjEzMjA3NH0","https://images.unsplash.com/photo-1532450282623-cad447985374?ixlib=rb-1.2.1&q=80&fm=jpg&crop=entropy&cs=tinysrgb&w=200&fit=max&ixid=eyJhcHBfaWQiOjEzMjA3NH0"
"226","Kia","Rio","2006","2C3CDXHG4CH702208","Mauv","35683","Dallas","Texas","75231","-115.0169","31.0845","Vestibulum ac est lacinia nisi venenatis tristique. Fusce congue\, diam id ornare imperdiet\, sapien urna pretium nisl\, ut volutpat sapien arcu sed augue. Aliquam erat volutpat. In congue. Etiam justo. Etiam pretium iaculis justo. In hac habitasse platea dictumst. Etiam faucibus cursus urna.","Bridget.Mitchell59","Willabella Bolmann","https://images.unsplash.com/photo-1531436062681-6e2a24161410?ixlib=rb-1.2.1&q=80&fm=jpg&crop=entropy&cs=tinysrgb&w=1080&fit=max&ixid=eyJhcHBfaWQiOjEzMjA3NH0","https://images.unsplash.com/photo-1531436062681-6e2a24161410?ixlib=rb-1.2.1&q=80&fm=jpg&crop=entropy&cs=tinysrgb&w=200&fit=max&ixid=eyJhcHBfaWQiOjEzMjA3NH0"
"225","BMW","Z4 M","2009","WBAVB13546P033206","Turquoise","34941","Lansing","Michigan","48912","-151.8162","-64.2913","Nam congue\, risus semper porta volutpat\, quam pede lobortis ligula\, sit amet eleifend pede libero quis orci. Nullam molestie nibh in lectus.","Christophe_Aufderhar33","Cedric Wilden","https://images.unsplash.com/photo-1522078728673-34dd63464766?ixlib=rb-1.2.1&q=80&fm=jpg&crop=entropy&cs=tinysrgb&w=1080&fit=max&ixid=eyJhcHBfaWQiOjEzMjA3NH0","https://images.unsplash.com/photo-1522078728673-34dd63464766?ixlib=rb-1.2.1&q=80&fm=jpg&crop=entropy&cs=tinysrgb&w=200&fit=max&ixid=eyJhcHBfaWQiOjEzMjA3NH0"
"224","Chevrolet","Express 1500","2006","2G4GU5GX1E9453622","Aquamarine","67368","Sacramento","California","94250","147.2524","16.0763","Cras non velit nec nisi vulputate nonummy. Maecenas tincidunt lacus at velit. Vivamus vel nulla eget eros elementum pellentesque. Quisque porta volutpat erat. Quisque erat eros\, viverra eget\, congue eget\, semper rutrum\, nulla. Nunc purus. Phasellus in felis.","Brisa.Stracke19","Leyla Librey","https://images.unsplash.com/photo-1514316454349-750a7fd3da3a?ixlib=rb-1.2.1&q=80&fm=jpg&crop=entropy&cs=tinysrgb&w=1080&fit=max&ixid=eyJhcHBfaWQiOjEzMjA3NH0","https://images.unsplash.com/photo-1514316454349-750a7fd3da3a?ixlib=rb-1.2.1&q=80&fm=jpg&crop=entropy&cs=tinysrgb&w=200&fit=max&ixid=eyJhcHBfaWQiOjEzMjA3NH0"
"223","Chevrolet","Impala","2008","JTDJTUD30ED355757","Turquoise","57","Seattle","Washington","98115","-136.6328","-88.3493","Etiam vel augue. Vestibulum rutrum rutrum neque. Aenean auctor gravida sem. Praesent id massa id nisl venenatis lacinia. Aenean sit amet justo. Morbi ut odio. Cras mi pede\, malesuada in\, imperdiet et\, commodo vulputate\, justo. In blandit ultrices enim. Lorem ipsum dolor sit amet\, consectetuer adipiscing elit. Proin interdum mauris non ligula pellentesque ultrices.","Vallie46","Julee Athersmith","https://images.unsplash.com/photo-1531920327645-347e96a7f31e?ixlib=rb-1.2.1&q=80&fm=jpg&crop=entropy&cs=tinysrgb&w=1080&fit=max&ixid=eyJhcHBfaWQiOjEzMjA3NH0","https://images.unsplash.com/photo-1531920327645-347e96a7f31e?ixlib=rb-1.2.1&q=80&fm=jpg&crop=entropy&cs=tinysrgb&w=200&fit=max&ixid=eyJhcHBfaWQiOjEzMjA3NH0"
"222","Ford","Bronco","1986","SCBBR53W96C628063","Pink","43452","Salt Lake City","Utah","84115","158.1669","-2.5521","Vestibulum ante ipsum primis in faucibus orci luctus et ultrices posuere cubilia Curae; Duis faucibus accumsan odio. Curabitur convallis. Duis consequat dui nec nisi volutpat eleifend. Donec ut dolor. Morbi vel lectus in quam fringilla rhoncus. Mauris enim leo\, rhoncus sed\, vestibulum sit amet\, cursus id\, turpis.","Kody.Braun","Danice Balfe","https://images.unsplash.com/photo-1527247043589-98e6ac08f56c?ixlib=rb-1.2.1&q=80&fm=jpg&crop=entropy&cs=tinysrgb&w=1080&fit=max&ixid=eyJhcHBfaWQiOjEzMjA3NH0","https://images.unsplash.com/photo-1527247043589-98e6ac08f56c?ixlib=rb-1.2.1&q=80&fm=jpg&crop=entropy&cs=tinysrgb&w=200&fit=max&ixid=eyJhcHBfaWQiOjEzMjA3NH0"
"221","Isuzu","Space","1992","3D7TT2CT6AG071163","Maroon","8881","Redwood City","California","94064","-153.7855","-16.2417","Nulla ac enim. In tempor\, turpis nec euismod scelerisque\, quam turpis adipiscing lorem\, vitae mattis nibh ligula nec sem. Duis aliquam convallis nunc. Proin at turpis a pede posuere nonummy. Integer non velit. Donec diam neque\, vestibulum eget\, vulputate ut\, ultrices vel\, augue.","Ora_Turner","Melita Houdhury","https://images.unsplash.com/photo-1514249779951-c1f932dd2402?ixlib=rb-1.2.1&q=80&fm=jpg&crop=entropy&cs=tinysrgb&w=1080&fit=max&ixid=eyJhcHBfaWQiOjEzMjA3NH0","https://images.unsplash.com/photo-1514249779951-c1f932dd2402?ixlib=rb-1.2.1&q=80&fm=jpg&crop=entropy&cs=tinysrgb&w=200&fit=max&ixid=eyJhcHBfaWQiOjEzMjA3NH0"
"220","Pontiac","Firebird","1991","WAULC58E42A421456","Yellow","43543","Northridge","California","91328","-62.5815","-63.5135","Maecenas tristique\, est et tempus semper\, est quam pharetra magna\, ac consequat metus sapien ut nunc. Vestibulum ante ipsum primis in faucibus orci luctus et ultrices posuere cubilia Curae; Mauris viverra diam vitae quam. Suspendisse potenti. Nullam porttitor lacus at turpis. Donec posuere metus vitae ipsum. Aliquam non mauris. Morbi non lectus.","Monroe.Yundt95","Krissie Morfett","https://images.unsplash.com/photo-1537740547516-098bdb470e11?ixlib=rb-1.2.1&q=80&fm=jpg&crop=entropy&cs=tinysrgb&w=1080&fit=max&ixid=eyJhcHBfaWQiOjEzMjA3NH0","https://images.unsplash.com/photo-1537740547516-098bdb470e11?ixlib=rb-1.2.1&q=80&fm=jpg&crop=entropy&cs=tinysrgb&w=200&fit=max&ixid=eyJhcHBfaWQiOjEzMjA3NH0"
"219","Acura","Integra","1995","WBA3B5C52DJ423056","Aquamarine","51414","Newton","Massachusetts","2458","-152.5916","-42.6336","Maecenas tristique\, est et tempus semper\, est quam pharetra magna\, ac consequat metus sapien ut nunc. Vestibulum ante ipsum primis in faucibus orci luctus et ultrices posuere cubilia Curae; Mauris viverra diam vitae quam.","Flossie26","Godwin Paffley","https://images.unsplash.com/photo-1494976388531-d1058494cdd8?ixlib=rb-1.2.1&q=80&fm=jpg&crop=entropy&cs=tinysrgb&w=1080&fit=max&ixid=eyJhcHBfaWQiOjEzMjA3NH0","https://images.unsplash.com/photo-1494976388531-d1058494cdd8?ixlib=rb-1.2.1&q=80&fm=jpg&crop=entropy&cs=tinysrgb&w=200&fit=max&ixid=eyJhcHBfaWQiOjEzMjA3NH0"
"218","Ford","Tempo","1991","WDDHF0EB0EA709689","Yellow","7862","Charlotte","North Carolina","28272","-116.5265","3.884","Morbi vestibulum\, velit id pretium iaculis\, diam erat fermentum justo\, nec condimentum neque sapien placerat ante. Nulla justo. Aliquam quis turpis eget elit sodales scelerisque. Mauris sit amet eros. Suspendisse accumsan tortor quis turpis. Sed ante. Vivamus tortor.","Rosie42","Leah Mattacks","https://images.unsplash.com/photo-1542559292-7c149bc5a20f?ixlib=rb-1.2.1&q=80&fm=jpg&crop=entropy&cs=tinysrgb&w=1080&fit=max&ixid=eyJhcHBfaWQiOjEzMjA3NH0","https://images.unsplash.com/photo-1542559292-7c149bc5a20f?ixlib=rb-1.2.1&q=80&fm=jpg&crop=entropy&cs=tinysrgb&w=200&fit=max&ixid=eyJhcHBfaWQiOjEzMjA3NH0"
"217","Oldsmobile","LSS","1998","3GYFNFE38FS712298","Yellow","63105","Jamaica","New York","11499","-178.347","76.8756","Praesent blandit lacinia erat. Vestibulum sed magna at nunc commodo placerat.","Alva.Kuhn","Walden Bazeley","https://images.unsplash.com/photo-1534096331554-af5d8b510bbf?ixlib=rb-1.2.1&q=80&fm=jpg&crop=entropy&cs=tinysrgb&w=1080&fit=max&ixid=eyJhcHBfaWQiOjEzMjA3NH0","https://images.unsplash.com/photo-1534096331554-af5d8b510bbf?ixlib=rb-1.2.1&q=80&fm=jpg&crop=entropy&cs=tinysrgb&w=200&fit=max&ixid=eyJhcHBfaWQiOjEzMjA3NH0"
"216","Oldsmobile","LSS","1998","5XYKT3A12DG210494","Khaki","69198","Rochester","New York","14619","12.8932","-87.725","Ut tellus. Nulla ut erat id mauris vulputate elementum. Nullam varius. Nulla facilisi. Cras non velit nec nisi vulputate nonummy. Maecenas tincidunt lacus at velit. Vivamus vel nulla eget eros elementum pellentesque.","Aidan_Runte89","Mickie Longea","https://images.unsplash.com/photo-1484136063621-1acbc3b4ec98?ixlib=rb-1.2.1&q=80&fm=jpg&crop=entropy&cs=tinysrgb&w=1080&fit=max&ixid=eyJhcHBfaWQiOjEzMjA3NH0","https://images.unsplash.com/photo-1484136063621-1acbc3b4ec98?ixlib=rb-1.2.1&q=80&fm=jpg&crop=entropy&cs=tinysrgb&w=200&fit=max&ixid=eyJhcHBfaWQiOjEzMjA3NH0"
"215","Ford","Fusion","2011","1FTSW2B54AE209593","Indigo","96569","Newton","Massachusetts","2162","-2.676","25.2362","Cras non velit nec nisi vulputate nonummy. Maecenas tincidunt lacus at velit. Vivamus vel nulla eget eros elementum pellentesque. Quisque porta volutpat erat. Quisque erat eros\, viverra eget\, congue eget\, semper rutrum\, nulla. Nunc purus. Phasellus in felis. Donec semper sapien a libero. Nam dui.","Anya6","Dennis Lafee","https://images.unsplash.com/photo-1535432994476-e0793cd5294b?ixlib=rb-1.2.1&q=80&fm=jpg&crop=entropy&cs=tinysrgb&w=1080&fit=max&ixid=eyJhcHBfaWQiOjEzMjA3NH0","https://images.unsplash.com/photo-1535432994476-e0793cd5294b?ixlib=rb-1.2.1&q=80&fm=jpg&crop=entropy&cs=tinysrgb&w=200&fit=max&ixid=eyJhcHBfaWQiOjEzMjA3NH0"
"214","Chevrolet","Sonic","2012","JN1AJ0HP2AM285378","Orange","77574","Boston","Massachusetts","2109","-2.7495","51.1291","Fusce consequat. Nulla nisl. Nunc nisl. Duis bibendum\, felis sed interdum venenatis\, turpis enim blandit mi\, in porttitor pede justo eu massa. Donec dapibus. Duis at velit eu est congue elementum. In hac habitasse platea dictumst. Morbi vestibulum\, velit id pretium iaculis\, diam erat fermentum justo\, nec condimentum neque sapien placerat ante. Nulla justo.","Monte47","Kerrin Peaseman","https://images.unsplash.com/photo-1519440862171-af26cf8c2a85?ixlib=rb-1.2.1&q=80&fm=jpg&crop=entropy&cs=tinysrgb&w=1080&fit=max&ixid=eyJhcHBfaWQiOjEzMjA3NH0","https://images.unsplash.com/photo-1519440862171-af26cf8c2a85?ixlib=rb-1.2.1&q=80&fm=jpg&crop=entropy&cs=tinysrgb&w=200&fit=max&ixid=eyJhcHBfaWQiOjEzMjA3NH0"
"213","Buick","LeSabre","1998","WAUHGBFC1DN360685","Maroon","45151","Kansas City","Missouri","64179","31.9811","86.1024","Proin risus. Praesent lectus. Vestibulum quam sapien\, varius ut\, blandit non\, interdum in\, ante. Vestibulum ante ipsum primis in faucibus orci luctus et ultrices posuere cubilia Curae; Duis faucibus accumsan odio. Curabitur convallis. Duis consequat dui nec nisi volutpat eleifend. Donec ut dolor. Morbi vel lectus in quam fringilla rhoncus. Mauris enim leo\, rhoncus sed\, vestibulum sit amet\, cursus id\, turpis.","Hellen.King32","Panchito Zannini","https://images.unsplash.com/photo-1508974491678-7ec251d629fd?ixlib=rb-1.2.1&q=80&fm=jpg&crop=entropy&cs=tinysrgb&w=1080&fit=max&ixid=eyJhcHBfaWQiOjEzMjA3NH0","https://images.unsplash.com/photo-1508974491678-7ec251d629fd?ixlib=rb-1.2.1&q=80&fm=jpg&crop=entropy&cs=tinysrgb&w=200&fit=max&ixid=eyJhcHBfaWQiOjEzMjA3NH0"
"212","GMC","Sierra 1500","2004","3D7LT2ET7AG185377","Maroon","68807","El Paso","Texas","79928","-53.4381","-78.7002","Vivamus tortor. Duis mattis egestas metus. Aenean fermentum. Donec ut mauris eget massa tempor convallis. Nulla neque libero\, convallis eget\, eleifend luctus\, ultricies eu\, nibh. Quisque id justo sit amet sapien dignissim vestibulum.","Jazlyn8","Mireille Lapish","https://images.unsplash.com/photo-1505065029964-d4ea1830a456?ixlib=rb-1.2.1&q=80&fm=jpg&crop=entropy&cs=tinysrgb&w=1080&fit=max&ixid=eyJhcHBfaWQiOjEzMjA3NH0","https://images.unsplash.com/photo-1505065029964-d4ea1830a456?ixlib=rb-1.2.1&q=80&fm=jpg&crop=entropy&cs=tinysrgb&w=200&fit=max&ixid=eyJhcHBfaWQiOjEzMjA3NH0"
"211","Jaguar","XK Series","2004","1FTFW1E86AK056959","Turquoise","41289","North Las Vegas","Nevada","89087","159.2575","-71.3098","Morbi vestibulum\, velit id pretium iaculis\, diam erat fermentum justo\, nec condimentum neque sapien placerat ante. Nulla justo. Aliquam quis turpis eget elit sodales scelerisque.","Rusty_Becker0","Kippy Beckey","https://images.unsplash.com/photo-1511360764098-91482031eaf6?ixlib=rb-1.2.1&q=80&fm=jpg&crop=entropy&cs=tinysrgb&w=1080&fit=max&ixid=eyJhcHBfaWQiOjEzMjA3NH0","https://images.unsplash.com/photo-1511360764098-91482031eaf6?ixlib=rb-1.2.1&q=80&fm=jpg&crop=entropy&cs=tinysrgb&w=200&fit=max&ixid=eyJhcHBfaWQiOjEzMjA3NH0"
"210","Lamborghini","Gallardo","2007","1GKS1CE01ER074955","Blue","77257","Anderson","South Carolina","29625","14.3743","-8.6351","Vivamus tortor. Duis mattis egestas metus. Aenean fermentum. Donec ut mauris eget massa tempor convallis.","Angelica.Heaney86","Trescha Augustus","https://images.unsplash.com/photo-1515871401659-95f03af5fb36?ixlib=rb-1.2.1&q=80&fm=jpg&crop=entropy&cs=tinysrgb&w=1080&fit=max&ixid=eyJhcHBfaWQiOjEzMjA3NH0","https://images.unsplash.com/photo-1515871401659-95f03af5fb36?ixlib=rb-1.2.1&q=80&fm=jpg&crop=entropy&cs=tinysrgb&w=200&fit=max&ixid=eyJhcHBfaWQiOjEzMjA3NH0"
"209","Porsche","928","1995","1G4GE5GV8AF565718","Yellow","88573","Huntington","West Virginia","25705","18.8843","44.2104","Duis aliquam convallis nunc. Proin at turpis a pede posuere nonummy. Integer non velit. Donec diam neque\, vestibulum eget\, vulputate ut\, ultrices vel\, augue. Vestibulum ante ipsum primis in faucibus orci luctus et ultrices posuere cubilia Curae; Donec pharetra\, magna vestibulum aliquet ultrices\, erat tortor sollicitudin mi\, sit amet lobortis sapien sapien non mi. Integer ac neque. Duis bibendum. Morbi non quam nec dui luctus rutrum. Nulla tellus. In sagittis dui vel nisl.","Vivien35","Gustav Bussey","https://images.unsplash.com/photo-1506610654-064fbba4780c?ixlib=rb-1.2.1&q=80&fm=jpg&crop=entropy&cs=tinysrgb&w=1080&fit=max&ixid=eyJhcHBfaWQiOjEzMjA3NH0","https://images.unsplash.com/photo-1506610654-064fbba4780c?ixlib=rb-1.2.1&q=80&fm=jpg&crop=entropy&cs=tinysrgb&w=200&fit=max&ixid=eyJhcHBfaWQiOjEzMjA3NH0"
"208","BMW","M5","2000","5UXZV4C54DL212653","Green","34260","Florence","South Carolina","29505","-57.6678","-67.6424","Donec quis orci eget orci vehicula condimentum. Curabitur in libero ut massa volutpat convallis. Morbi odio odio\, elementum eu\, interdum eu\, tincidunt in\, leo. Maecenas pulvinar lobortis est. Phasellus sit amet erat. Nulla tempus. Vivamus in felis eu sapien cursus vestibulum. Proin eu mi.","Marilie_Reynolds91","Maurizia Bugge","https://images.unsplash.com/photo-1528597469186-bddab681a37f?ixlib=rb-1.2.1&q=80&fm=jpg&crop=entropy&cs=tinysrgb&w=1080&fit=max&ixid=eyJhcHBfaWQiOjEzMjA3NH0","https://images.unsplash.com/photo-1528597469186-bddab681a37f?ixlib=rb-1.2.1&q=80&fm=jpg&crop=entropy&cs=tinysrgb&w=200&fit=max&ixid=eyJhcHBfaWQiOjEzMjA3NH0"
"207","Audi","A8","2009","1G6DU6EV8A0507522","Yellow","87529","Roanoke","Virginia","24048","-146.3743","14.0664","Cras pellentesque volutpat dui. Maecenas tristique\, est et tempus semper\, est quam pharetra magna\, ac consequat metus sapien ut nunc. Vestibulum ante ipsum primis in faucibus orci luctus et ultrices posuere cubilia Curae; Mauris viverra diam vitae quam. Suspendisse potenti. Nullam porttitor lacus at turpis. Donec posuere metus vitae ipsum. Aliquam non mauris. Morbi non lectus. Aliquam sit amet diam in magna bibendum imperdiet.","Jade_Gusikowski75","Alexia Bramelt","https://images.unsplash.com/photo-1535190629762-6dbf477a9d13?ixlib=rb-1.2.1&q=80&fm=jpg&crop=entropy&cs=tinysrgb&w=1080&fit=max&ixid=eyJhcHBfaWQiOjEzMjA3NH0","https://images.unsplash.com/photo-1535190629762-6dbf477a9d13?ixlib=rb-1.2.1&q=80&fm=jpg&crop=entropy&cs=tinysrgb&w=200&fit=max&ixid=eyJhcHBfaWQiOjEzMjA3NH0"
"206","Ford","Econoline E350","2001","4T1BF1FK4EU949004","Yellow","88039","Miami","Florida","33169","85.5032","23.1386","Donec dapibus. Duis at velit eu est congue elementum. In hac habitasse platea dictumst. Morbi vestibulum\, velit id pretium iaculis\, diam erat fermentum justo\, nec condimentum neque sapien placerat ante. Nulla justo. Aliquam quis turpis eget elit sodales scelerisque. Mauris sit amet eros. Suspendisse accumsan tortor quis turpis. Sed ante.","Brayan.Treutel","Adam Edwick","https://images.unsplash.com/photo-1539713904642-b4d144f769d9?ixlib=rb-1.2.1&q=80&fm=jpg&crop=entropy&cs=tinysrgb&w=1080&fit=max&ixid=eyJhcHBfaWQiOjEzMjA3NH0","https://images.unsplash.com/photo-1539713904642-b4d144f769d9?ixlib=rb-1.2.1&q=80&fm=jpg&crop=entropy&cs=tinysrgb&w=200&fit=max&ixid=eyJhcHBfaWQiOjEzMjA3NH0"
"205","Mercedes-Benz","SLK-Class","2010","2G4WD532351899629","Teal","74847","Houston","Texas","77271","-53.6794","-55.0037","Integer aliquet\, massa id lobortis convallis\, tortor risus dapibus augue\, vel accumsan tellus nisi eu orci. Mauris lacinia sapien quis libero. Nullam sit amet turpis elementum ligula vehicula consequat. Morbi a ipsum. Integer a nibh. In quis justo.","Palma69","Eben Sea","https://images.unsplash.com/photo-1517153192978-b2e379ac0710?ixlib=rb-1.2.1&q=80&fm=jpg&crop=entropy&cs=tinysrgb&w=1080&fit=max&ixid=eyJhcHBfaWQiOjEzMjA3NH0","https://images.unsplash.com/photo-1517153192978-b2e379ac0710?ixlib=rb-1.2.1&q=80&fm=jpg&crop=entropy&cs=tinysrgb&w=200&fit=max&ixid=eyJhcHBfaWQiOjEzMjA3NH0"
"204","Ford","Bronco","1995","JTHFF2C25F2942641","Khaki","3610","Roanoke","Virginia","24014","157.1155","-54.1111","In hac habitasse platea dictumst. Maecenas ut massa quis augue luctus tincidunt. Nulla mollis molestie lorem.","Muhammad.Dooley3","Gnni Greggs","https://images.unsplash.com/photo-1461638023147-7d732b807d9c?ixlib=rb-1.2.1&q=80&fm=jpg&crop=entropy&cs=tinysrgb&w=1080&fit=max&ixid=eyJhcHBfaWQiOjEzMjA3NH0","https://images.unsplash.com/photo-1461638023147-7d732b807d9c?ixlib=rb-1.2.1&q=80&fm=jpg&crop=entropy&cs=tinysrgb&w=200&fit=max&ixid=eyJhcHBfaWQiOjEzMjA3NH0"
"203","BMW","Z4 M Roadster","2009","WBSKG9C5XBE856078","Mauv","97086","Saginaw","Michigan","48609","81.2381","79.4308","Etiam pretium iaculis justo. In hac habitasse platea dictumst. Etiam faucibus cursus urna. Ut tellus. Nulla ut erat id mauris vulputate elementum. Nullam varius. Nulla facilisi.","Dock_Daniel","Sari Djekic","https://images.unsplash.com/photo-1422938522079-7f21c8b014f6?ixlib=rb-1.2.1&q=80&fm=jpg&crop=entropy&cs=tinysrgb&w=1080&fit=max&ixid=eyJhcHBfaWQiOjEzMjA3NH0","https://images.unsplash.com/photo-1422938522079-7f21c8b014f6?ixlib=rb-1.2.1&q=80&fm=jpg&crop=entropy&cs=tinysrgb&w=200&fit=max&ixid=eyJhcHBfaWQiOjEzMjA3NH0"
"202","Toyota","Tercel","1994","2C3CDXGJ3FH745181","Violet","17243","Raleigh","North Carolina","27610","9.1663","-89.7613","Vestibulum quam sapien\, varius ut\, blandit non\, interdum in\, ante. Vestibulum ante ipsum primis in faucibus orci luctus et ultrices posuere cubilia Curae; Duis faucibus accumsan odio. Curabitur convallis. Duis consequat dui nec nisi volutpat eleifend.","Wava_Raynor50","Tisha Napleton","https://images.unsplash.com/photo-1547037456-0672aaf62970?ixlib=rb-1.2.1&q=80&fm=jpg&crop=entropy&cs=tinysrgb&w=1080&fit=max&ixid=eyJhcHBfaWQiOjEzMjA3NH0","https://images.unsplash.com/photo-1547037456-0672aaf62970?ixlib=rb-1.2.1&q=80&fm=jpg&crop=entropy&cs=tinysrgb&w=200&fit=max&ixid=eyJhcHBfaWQiOjEzMjA3NH0"
"201","Lexus","ES","2005","JA32U1FU9DU371393","Violet","8339","Birmingham","Alabama","35242","15.1197","-36.2522","Aliquam augue quam\, sollicitudin vitae\, consectetuer eget\, rutrum at\, lorem. Integer tincidunt ante vel ipsum.","Mossie.Leffler3","Leonard Coggles","https://images.unsplash.com/photo-1537041373298-55dbb337e651?ixlib=rb-1.2.1&q=80&fm=jpg&crop=entropy&cs=tinysrgb&w=1080&fit=max&ixid=eyJhcHBfaWQiOjEzMjA3NH0","https://images.unsplash.com/photo-1537041373298-55dbb337e651?ixlib=rb-1.2.1&q=80&fm=jpg&crop=entropy&cs=tinysrgb&w=200&fit=max&ixid=eyJhcHBfaWQiOjEzMjA3NH0"
"200","Suzuki","Daewoo Magnus","2005","4F2CY0C72AK500861","Indigo","29796","Columbia","South Carolina","29240","-27.2153","-21.7381","Fusce congue\, diam id ornare imperdiet\, sapien urna pretium nisl\, ut volutpat sapien arcu sed augue. Aliquam erat volutpat. In congue. Etiam justo. Etiam pretium iaculis justo. In hac habitasse platea dictumst. Etiam faucibus cursus urna. Ut tellus. Nulla ut erat id mauris vulputate elementum. Nullam varius.","Mikayla3","Persis Glascott","https://images.unsplash.com/photo-1527383418406-f85a3b146499?ixlib=rb-1.2.1&q=80&fm=jpg&crop=entropy&cs=tinysrgb&w=1080&fit=max&ixid=eyJhcHBfaWQiOjEzMjA3NH0","https://images.unsplash.com/photo-1527383418406-f85a3b146499?ixlib=rb-1.2.1&q=80&fm=jpg&crop=entropy&cs=tinysrgb&w=200&fit=max&ixid=eyJhcHBfaWQiOjEzMjA3NH0"
"199","Audi","90","1993","1N6AD0CW7FN450343","Red","41228","Oklahoma City","Oklahoma","73104","35.205","-56.1004","Aliquam quis turpis eget elit sodales scelerisque. Mauris sit amet eros. Suspendisse accumsan tortor quis turpis. Sed ante. Vivamus tortor. Duis mattis egestas metus. Aenean fermentum. Donec ut mauris eget massa tempor convallis. Nulla neque libero\, convallis eget\, eleifend luctus\, ultricies eu\, nibh. Quisque id justo sit amet sapien dignissim vestibulum.","Erling.Schuster69","Ivar MacDirmid","https://images.unsplash.com/photo-1525160354320-d8e92641c563?ixlib=rb-1.2.1&q=80&fm=jpg&crop=entropy&cs=tinysrgb&w=1080&fit=max&ixid=eyJhcHBfaWQiOjEzMjA3NH0","https://images.unsplash.com/photo-1525160354320-d8e92641c563?ixlib=rb-1.2.1&q=80&fm=jpg&crop=entropy&cs=tinysrgb&w=200&fit=max&ixid=eyJhcHBfaWQiOjEzMjA3NH0"
"198","Honda","Civic","2009","5YMGZ0C5XBL977490","Goldenrod","28323","Palatine","Illinois","60078","-111.5533","-63.7307","Nullam sit amet turpis elementum ligula vehicula consequat. Morbi a ipsum. Integer a nibh. In quis justo. Maecenas rhoncus aliquam lacus. Morbi quis tortor id nulla ultrices aliquet. Maecenas leo odio\, condimentum id\, luctus nec\, molestie sed\, justo. Pellentesque viverra pede ac diam. Cras pellentesque volutpat dui.","Viola.Dooley83","Nadeen Cufley","https://images.unsplash.com/photo-1518306727298-4c17e1bf6942?ixlib=rb-1.2.1&q=80&fm=jpg&crop=entropy&cs=tinysrgb&w=1080&fit=max&ixid=eyJhcHBfaWQiOjEzMjA3NH0","https://images.unsplash.com/photo-1518306727298-4c17e1bf6942?ixlib=rb-1.2.1&q=80&fm=jpg&crop=entropy&cs=tinysrgb&w=200&fit=max&ixid=eyJhcHBfaWQiOjEzMjA3NH0"
"197","Nissan","Pathfinder","2006","KL4CJHSB8FB502320","Turquoise","62843","Durham","North Carolina","27717","-160.1963","-48.4925","Nullam molestie nibh in lectus. Pellentesque at nulla. Suspendisse potenti. Cras in purus eu magna vulputate luctus. Cum sociis natoque penatibus et magnis dis parturient montes\, nascetur ridiculus mus. Vivamus vestibulum sagittis sapien. Cum sociis natoque penatibus et magnis dis parturient montes\, nascetur ridiculus mus. Etiam vel augue. Vestibulum rutrum rutrum neque.","Herminio.Cummings3","Jerrilyn Leaton","https://images.unsplash.com/photo-1544636331-e26879cd4d9b?ixlib=rb-1.2.1&q=80&fm=jpg&crop=entropy&cs=tinysrgb&w=1080&fit=max&ixid=eyJhcHBfaWQiOjEzMjA3NH0","https://images.unsplash.com/photo-1544636331-e26879cd4d9b?ixlib=rb-1.2.1&q=80&fm=jpg&crop=entropy&cs=tinysrgb&w=200&fit=max&ixid=eyJhcHBfaWQiOjEzMjA3NH0"
"196","Volkswagen","Jetta","2007","WAU4GAFB5AN517937","Purple","69795","Pensacola","Florida","32526","-110.5633","68.9626","Fusce consequat. Nulla nisl. Nunc nisl. Duis bibendum\, felis sed interdum venenatis\, turpis enim blandit mi\, in porttitor pede justo eu massa.","Tyree.Keeling","Buffy Cockshtt","https://images.unsplash.com/photo-1543796076-e9b02d7c37e8?ixlib=rb-1.2.1&q=80&fm=jpg&crop=entropy&cs=tinysrgb&w=1080&fit=max&ixid=eyJhcHBfaWQiOjEzMjA3NH0","https://images.unsplash.com/photo-1543796076-e9b02d7c37e8?ixlib=rb-1.2.1&q=80&fm=jpg&crop=entropy&cs=tinysrgb&w=200&fit=max&ixid=eyJhcHBfaWQiOjEzMjA3NH0"
"195","Chevrolet","Impala","2010","JM1NC2JF5B0922827","Puce","57444","Orange","California","92862","32.203","-74.3905","Curabitur in libero ut massa volutpat convallis. Morbi odio odio\, elementum eu\, interdum eu\, tincidunt in\, leo. Maecenas pulvinar lobortis est. Phasellus sit amet erat. Nulla tempus. Vivamus in felis eu sapien cursus vestibulum. Proin eu mi.","Justice.Bergnaum35","Rosaleen Suttie","https://images.unsplash.com/photo-1544484551-49b646eaa118?ixlib=rb-1.2.1&q=80&fm=jpg&crop=entropy&cs=tinysrgb&w=1080&fit=max&ixid=eyJhcHBfaWQiOjEzMjA3NH0","https://images.unsplash.com/photo-1544484551-49b646eaa118?ixlib=rb-1.2.1&q=80&fm=jpg&crop=entropy&cs=tinysrgb&w=200&fit=max&ixid=eyJhcHBfaWQiOjEzMjA3NH0"
"194","Audi","5000S","1987","WBA3N9C54EF881619","Fuscia","29950","Evansville","Indiana","47712","-108.4178","23.6377","Integer pede justo\, lacinia eget\, tincidunt eget\, tempus vel\, pede. Morbi porttitor lorem id ligula. Suspendisse ornare consequat lectus. In est risus\, auctor sed\, tristique in\, tempus sit amet\, sem. Fusce consequat. Nulla nisl. Nunc nisl.","Darian77","Rhiamon Karpeev","https://images.unsplash.com/photo-1542754532-f23585b72b68?ixlib=rb-1.2.1&q=80&fm=jpg&crop=entropy&cs=tinysrgb&w=1080&fit=max&ixid=eyJhcHBfaWQiOjEzMjA3NH0","https://images.unsplash.com/photo-1542754532-f23585b72b68?ixlib=rb-1.2.1&q=80&fm=jpg&crop=entropy&cs=tinysrgb&w=200&fit=max&ixid=eyJhcHBfaWQiOjEzMjA3NH0"
"193","Jaguar","S-Type","2002","SCFFDAAM3EG765208","Green","19122","Boise","Idaho","83757","-129.9509","73.9341","Maecenas rhoncus aliquam lacus. Morbi quis tortor id nulla ultrices aliquet.","Joshuah.Hettinger94","Luella Steedman","https://images.unsplash.com/photo-1542406526-909f458f878e?ixlib=rb-1.2.1&q=80&fm=jpg&crop=entropy&cs=tinysrgb&w=1080&fit=max&ixid=eyJhcHBfaWQiOjEzMjA3NH0","https://images.unsplash.com/photo-1542406526-909f458f878e?ixlib=rb-1.2.1&q=80&fm=jpg&crop=entropy&cs=tinysrgb&w=200&fit=max&ixid=eyJhcHBfaWQiOjEzMjA3NH0"
"192","Mercedes-Benz","400SEL","1993","SALAB2D40AA261933","Violet","41728","Irvine","California","92717","-145.0184","-54.7371","Nullam orci pede\, venenatis non\, sodales sed\, tincidunt eu\, felis. Fusce posuere felis sed lacus.","Wallace15","Candra Lehrmann","https://images.unsplash.com/photo-1543424165-dc50e710c481?ixlib=rb-1.2.1&q=80&fm=jpg&crop=entropy&cs=tinysrgb&w=1080&fit=max&ixid=eyJhcHBfaWQiOjEzMjA3NH0","https://images.unsplash.com/photo-1543424165-dc50e710c481?ixlib=rb-1.2.1&q=80&fm=jpg&crop=entropy&cs=tinysrgb&w=200&fit=max&ixid=eyJhcHBfaWQiOjEzMjA3NH0"
"191","Oldsmobile","Cutlass Supreme","1994","WBAEV33473P404221","Yellow","80187","Washington","District of Columbia","20268","25.8991","-75.0761","Vivamus in felis eu sapien cursus vestibulum. Proin eu mi. Nulla ac enim. In tempor\, turpis nec euismod scelerisque\, quam turpis adipiscing lorem\, vitae mattis nibh ligula nec sem. Duis aliquam convallis nunc. Proin at turpis a pede posuere nonummy. Integer non velit. Donec diam neque\, vestibulum eget\, vulputate ut\, ultrices vel\, augue. Vestibulum ante ipsum primis in faucibus orci luctus et ultrices posuere cubilia Curae; Donec pharetra\, magna vestibulum aliquet ultrices\, erat tortor sollicitudin mi\, sit amet lobortis sapien sapien non mi. Integer ac neque.","Sheila76","Chariot Canlin","https://images.unsplash.com/photo-1543460511-8c0b6fb97c79?ixlib=rb-1.2.1&q=80&fm=jpg&crop=entropy&cs=tinysrgb&w=1080&fit=max&ixid=eyJhcHBfaWQiOjEzMjA3NH0","https://images.unsplash.com/photo-1543460511-8c0b6fb97c79?ixlib=rb-1.2.1&q=80&fm=jpg&crop=entropy&cs=tinysrgb&w=200&fit=max&ixid=eyJhcHBfaWQiOjEzMjA3NH0"
"190","Dodge","Colt","1993","3C6JD6DTXCG401174","Orange","56013","Spokane","Washington","99260","94.9364","14.7508","Cum sociis natoque penatibus et magnis dis parturient montes\, nascetur ridiculus mus. Vivamus vestibulum sagittis sapien. Cum sociis natoque penatibus et magnis dis parturient montes\, nascetur ridiculus mus. Etiam vel augue. Vestibulum rutrum rutrum neque.","Yasmeen.Keeling84","Annabell Mangenet","https://images.unsplash.com/photo-1547076286-bc976dbd5359?ixlib=rb-1.2.1&q=80&fm=jpg&crop=entropy&cs=tinysrgb&w=1080&fit=max&ixid=eyJhcHBfaWQiOjEzMjA3NH0","https://images.unsplash.com/photo-1547076286-bc976dbd5359?ixlib=rb-1.2.1&q=80&fm=jpg&crop=entropy&cs=tinysrgb&w=200&fit=max&ixid=eyJhcHBfaWQiOjEzMjA3NH0"
"189","Maybach","57","2011","3CZRE3H34AG305520","Blue","32427","Corpus Christi","Texas","78410","147.0681","-25.6568","Nulla ac enim. In tempor\, turpis nec euismod scelerisque\, quam turpis adipiscing lorem\, vitae mattis nibh ligula nec sem. Duis aliquam convallis nunc. Proin at turpis a pede posuere nonummy. Integer non velit. Donec diam neque\, vestibulum eget\, vulputate ut\, ultrices vel\, augue. Vestibulum ante ipsum primis in faucibus orci luctus et ultrices posuere cubilia Curae; Donec pharetra\, magna vestibulum aliquet ultrices\, erat tortor sollicitudin mi\, sit amet lobortis sapien sapien non mi.","Jamal.Von73","Olwen Whiten","https://images.unsplash.com/photo-1542602309-4979fd6ac6d9?ixlib=rb-1.2.1&q=80&fm=jpg&crop=entropy&cs=tinysrgb&w=1080&fit=max&ixid=eyJhcHBfaWQiOjEzMjA3NH0","https://images.unsplash.com/photo-1542602309-4979fd6ac6d9?ixlib=rb-1.2.1&q=80&fm=jpg&crop=entropy&cs=tinysrgb&w=200&fit=max&ixid=eyJhcHBfaWQiOjEzMjA3NH0"
"188","Audi","A5","2011","WBAUL73569V010344","Mauv","39276","Huntington","West Virginia","25709","-9.8352","0.9938","Vestibulum ante ipsum primis in faucibus orci luctus et ultrices posuere cubilia Curae; Donec pharetra\, magna vestibulum aliquet ultrices\, erat tortor sollicitudin mi\, sit amet lobortis sapien sapien non mi. Integer ac neque. Duis bibendum.","Bernie.Berge75","Gauthier Adamiak","https://images.unsplash.com/photo-1543249098-142376d7f72b?ixlib=rb-1.2.1&q=80&fm=jpg&crop=entropy&cs=tinysrgb&w=1080&fit=max&ixid=eyJhcHBfaWQiOjEzMjA3NH0","https://images.unsplash.com/photo-1543249098-142376d7f72b?ixlib=rb-1.2.1&q=80&fm=jpg&crop=entropy&cs=tinysrgb&w=200&fit=max&ixid=eyJhcHBfaWQiOjEzMjA3NH0"
"187","Ram","C/V","2012","3LN6L2G96FR766899","Crimson","62280","Kansas City","Missouri","64190","144.302","35.7353","Integer aliquet\, massa id lobortis convallis\, tortor risus dapibus augue\, vel accumsan tellus nisi eu orci. Mauris lacinia sapien quis libero. Nullam sit amet turpis elementum ligula vehicula consequat.","Cedrick.Bednar","Gerhardine Osan","https://images.unsplash.com/photo-1541858304372-e0b1c8a5a225?ixlib=rb-1.2.1&q=80&fm=jpg&crop=entropy&cs=tinysrgb&w=1080&fit=max&ixid=eyJhcHBfaWQiOjEzMjA3NH0","https://images.unsplash.com/photo-1541858304372-e0b1c8a5a225?ixlib=rb-1.2.1&q=80&fm=jpg&crop=entropy&cs=tinysrgb&w=200&fit=max&ixid=eyJhcHBfaWQiOjEzMjA3NH0"
"186","Buick","LeSabre","1992","JTHSE5BC9F5813314","Pink","89938","Santa Fe","New Mexico","87505","-63.8016","-75.9244","Nunc nisl. Duis bibendum\, felis sed interdum venenatis\, turpis enim blandit mi\, in porttitor pede justo eu massa. Donec dapibus. Duis at velit eu est congue elementum. In hac habitasse platea dictumst.","Dayna51","Daniel Feavearyear","https://images.unsplash.com/photo-1485877879181-377cc7dcae20?ixlib=rb-1.2.1&q=80&fm=jpg&crop=entropy&cs=tinysrgb&w=1080&fit=max&ixid=eyJhcHBfaWQiOjEzMjA3NH0","https://images.unsplash.com/photo-1485877879181-377cc7dcae20?ixlib=rb-1.2.1&q=80&fm=jpg&crop=entropy&cs=tinysrgb&w=200&fit=max&ixid=eyJhcHBfaWQiOjEzMjA3NH0"
"185","Mazda","MX-5","2001","1NXBU4EE4AZ956385","Turquoise","1609","Raleigh","North Carolina","27615","-178.0063","43.2344","Mauris sit amet eros. Suspendisse accumsan tortor quis turpis. Sed ante. Vivamus tortor. Duis mattis egestas metus. Aenean fermentum.","Carleton.Wehner","Bertina Janiszewski","https://images.unsplash.com/photo-1545340085-5f798780a920?ixlib=rb-1.2.1&q=80&fm=jpg&crop=entropy&cs=tinysrgb&w=1080&fit=max&ixid=eyJhcHBfaWQiOjEzMjA3NH0","https://images.unsplash.com/photo-1545340085-5f798780a920?ixlib=rb-1.2.1&q=80&fm=jpg&crop=entropy&cs=tinysrgb&w=200&fit=max&ixid=eyJhcHBfaWQiOjEzMjA3NH0"
"184","Porsche","911","1990","1GTN1UEH3EZ905778","Aquamarine","15980","Waterbury","Connecticut","6726","-65.382","53.1046","Vestibulum ac est lacinia nisi venenatis tristique. Fusce congue\, diam id ornare imperdiet\, sapien urna pretium nisl\, ut volutpat sapien arcu sed augue. Aliquam erat volutpat. In congue. Etiam justo. Etiam pretium iaculis justo. In hac habitasse platea dictumst. Etiam faucibus cursus urna. Ut tellus.","Gussie.Block","Aguste De Morena","https://images.unsplash.com/photo-1544265770-08ad65076587?ixlib=rb-1.2.1&q=80&fm=jpg&crop=entropy&cs=tinysrgb&w=1080&fit=max&ixid=eyJhcHBfaWQiOjEzMjA3NH0","https://images.unsplash.com/photo-1544265770-08ad65076587?ixlib=rb-1.2.1&q=80&fm=jpg&crop=entropy&cs=tinysrgb&w=200&fit=max&ixid=eyJhcHBfaWQiOjEzMjA3NH0"
"183","Mitsubishi","Pajero","1990","1N6AA0EC7FN639764","Green","99144","New Haven","Connecticut","6538","78.2991","47.9534","Nullam molestie nibh in lectus. Pellentesque at nulla. Suspendisse potenti. Cras in purus eu magna vulputate luctus. Cum sociis natoque penatibus et magnis dis parturient montes\, nascetur ridiculus mus. Vivamus vestibulum sagittis sapien.","Reggie.Wintheiser17","Griff Vango","https://images.unsplash.com/photo-1543142706-872c378745ce?ixlib=rb-1.2.1&q=80&fm=jpg&crop=entropy&cs=tinysrgb&w=1080&fit=max&ixid=eyJhcHBfaWQiOjEzMjA3NH0","https://images.unsplash.com/photo-1543142706-872c378745ce?ixlib=rb-1.2.1&q=80&fm=jpg&crop=entropy&cs=tinysrgb&w=200&fit=max&ixid=eyJhcHBfaWQiOjEzMjA3NH0"
"182","Mitsubishi","Mighty Max","1986","3C6TD5HT0CG620478","Pink","62678","Washington","District of Columbia","20244","175.4997","34.9637","Integer non velit. Donec diam neque\, vestibulum eget\, vulputate ut\, ultrices vel\, augue. Vestibulum ante ipsum primis in faucibus orci luctus et ultrices posuere cubilia Curae; Donec pharetra\, magna vestibulum aliquet ultrices\, erat tortor sollicitudin mi\, sit amet lobortis sapien sapien non mi. Integer ac neque. Duis bibendum. Morbi non quam nec dui luctus rutrum. Nulla tellus. In sagittis dui vel nisl. Duis ac nibh.","Mattie_Berge96","Atlante Izak","https://images.unsplash.com/photo-1542308239-c3c64dbec662?ixlib=rb-1.2.1&q=80&fm=jpg&crop=entropy&cs=tinysrgb&w=1080&fit=max&ixid=eyJhcHBfaWQiOjEzMjA3NH0","https://images.unsplash.com/photo-1542308239-c3c64dbec662?ixlib=rb-1.2.1&q=80&fm=jpg&crop=entropy&cs=tinysrgb&w=200&fit=max&ixid=eyJhcHBfaWQiOjEzMjA3NH0"
"181","Mitsubishi","Outlander","2008","3GYFNGEYXAS880213","Puce","647","Sterling","Virginia","20167","67.9041","87.0504","Quisque ut erat. Curabitur gravida nisi at nibh. In hac habitasse platea dictumst. Aliquam augue quam\, sollicitudin vitae\, consectetuer eget\, rutrum at\, lorem. Integer tincidunt ante vel ipsum. Praesent blandit lacinia erat. Vestibulum sed magna at nunc commodo placerat. Praesent blandit. Nam nulla. Integer pede justo\, lacinia eget\, tincidunt eget\, tempus vel\, pede.","Cameron29","Devonna Caley","https://images.unsplash.com/photo-1544880276-86e8e429f8ab?ixlib=rb-1.2.1&q=80&fm=jpg&crop=entropy&cs=tinysrgb&w=1080&fit=max&ixid=eyJhcHBfaWQiOjEzMjA3NH0","https://images.unsplash.com/photo-1544880276-86e8e429f8ab?ixlib=rb-1.2.1&q=80&fm=jpg&crop=entropy&cs=tinysrgb&w=200&fit=max&ixid=eyJhcHBfaWQiOjEzMjA3NH0"
"180","Toyota","Highlander","2012","WBA3B3C53DF908281","Mauv","31656","Norfolk","Virginia","23514","-146.9272","-29.4191","In hac habitasse platea dictumst. Morbi vestibulum\, velit id pretium iaculis\, diam erat fermentum justo\, nec condimentum neque sapien placerat ante. Nulla justo. Aliquam quis turpis eget elit sodales scelerisque.","Adriel.Hirthe","Urbano Lorek","https://images.unsplash.com/photo-1547570135-c4d6810a9ada?ixlib=rb-1.2.1&q=80&fm=jpg&crop=entropy&cs=tinysrgb&w=1080&fit=max&ixid=eyJhcHBfaWQiOjEzMjA3NH0","https://images.unsplash.com/photo-1547570135-c4d6810a9ada?ixlib=rb-1.2.1&q=80&fm=jpg&crop=entropy&cs=tinysrgb&w=200&fit=max&ixid=eyJhcHBfaWQiOjEzMjA3NH0"
"179","Volkswagen","GTI","1998","SCBDR33W58C016698","Orange","72454","Fort Wayne","Indiana","46805","47.9746","58.8499","Integer ac leo. Pellentesque ultrices mattis odio. Donec vitae nisi. Nam ultrices\, libero non mattis pulvinar\, nulla pede ullamcorper augue\, a suscipit nulla elit ac nulla. Sed vel enim sit amet nunc viverra dapibus. Nulla suscipit ligula in lacus. Curabitur at ipsum ac tellus semper interdum. Mauris ullamcorper purus sit amet nulla.","Santina.Reilly75","Pyotr Balmadier","https://images.unsplash.com/photo-1496081112281-a3a649c285a3?ixlib=rb-1.2.1&q=80&fm=jpg&crop=entropy&cs=tinysrgb&w=1080&fit=max&ixid=eyJhcHBfaWQiOjEzMjA3NH0","https://images.unsplash.com/photo-1496081112281-a3a649c285a3?ixlib=rb-1.2.1&q=80&fm=jpg&crop=entropy&cs=tinysrgb&w=200&fit=max&ixid=eyJhcHBfaWQiOjEzMjA3NH0"
"178","Lexus","GS","1998","WP0AB2A85FK828542","Crimson","56945","Cleveland","Ohio","44130","-94.7768","63.5591","Fusce lacus purus\, aliquet at\, feugiat non\, pretium quis\, lectus. Suspendisse potenti. In eleifend quam a odio. In hac habitasse platea dictumst. Maecenas ut massa quis augue luctus tincidunt.","Stevie_Hane","Laurie Kalisz","https://images.unsplash.com/photo-1541202060524-fb245ae9b9ec?ixlib=rb-1.2.1&q=80&fm=jpg&crop=entropy&cs=tinysrgb&w=1080&fit=max&ixid=eyJhcHBfaWQiOjEzMjA3NH0","https://images.unsplash.com/photo-1541202060524-fb245ae9b9ec?ixlib=rb-1.2.1&q=80&fm=jpg&crop=entropy&cs=tinysrgb&w=200&fit=max&ixid=eyJhcHBfaWQiOjEzMjA3NH0"
"177","Mercedes-Benz","SLS-Class","2011","WAURGAFDXDN445029","Fuscia","49311","Rochester","New York","14683","-27.0567","71.0514","Nam congue\, risus semper porta volutpat\, quam pede lobortis ligula\, sit amet eleifend pede libero quis orci. Nullam molestie nibh in lectus.","Dawson_Ryan","Julius Farren","https://images.unsplash.com/photo-1546863233-27386ee5bdf9?ixlib=rb-1.2.1&q=80&fm=jpg&crop=entropy&cs=tinysrgb&w=1080&fit=max&ixid=eyJhcHBfaWQiOjEzMjA3NH0","https://images.unsplash.com/photo-1546863233-27386ee5bdf9?ixlib=rb-1.2.1&q=80&fm=jpg&crop=entropy&cs=tinysrgb&w=200&fit=max&ixid=eyJhcHBfaWQiOjEzMjA3NH0"
"176","Kia","Sedona","2005","2C4JRGAG8ER526971","Red","82489","Duluth","Georgia","30195","-45.8822","-81.1224","Morbi non lectus. Aliquam sit amet diam in magna bibendum imperdiet. Nullam orci pede\, venenatis non\, sodales sed\, tincidunt eu\, felis. Fusce posuere felis sed lacus. Morbi sem mauris\, laoreet ut\, rhoncus aliquet\, pulvinar sed\, nisl. Nunc rhoncus dui vel sem. Sed sagittis. Nam congue\, risus semper porta volutpat\, quam pede lobortis ligula\, sit amet eleifend pede libero quis orci. Nullam molestie nibh in lectus. Pellentesque at nulla.","Raul.Stamm","Othello Edgcombe","https://images.unsplash.com/photo-1541914202083-4a640b156c9c?ixlib=rb-1.2.1&q=80&fm=jpg&crop=entropy&cs=tinysrgb&w=1080&fit=max&ixid=eyJhcHBfaWQiOjEzMjA3NH0","https://images.unsplash.com/photo-1541914202083-4a640b156c9c?ixlib=rb-1.2.1&q=80&fm=jpg&crop=entropy&cs=tinysrgb&w=200&fit=max&ixid=eyJhcHBfaWQiOjEzMjA3NH0"
"175","Mazda","626","2002","WAUPL58E95A582195","Aquamarine","74020","Pittsburgh","Pennsylvania","15286","175.0836","-20.4639","In quis justo. Maecenas rhoncus aliquam lacus. Morbi quis tortor id nulla ultrices aliquet. Maecenas leo odio\, condimentum id\, luctus nec\, molestie sed\, justo. Pellentesque viverra pede ac diam. Cras pellentesque volutpat dui.","Manuela.Bednar97","Madge Klimkowski","https://images.unsplash.com/photo-1542367836-3939cfe7ad3b?ixlib=rb-1.2.1&q=80&fm=jpg&crop=entropy&cs=tinysrgb&w=1080&fit=max&ixid=eyJhcHBfaWQiOjEzMjA3NH0","https://images.unsplash.com/photo-1542367836-3939cfe7ad3b?ixlib=rb-1.2.1&q=80&fm=jpg&crop=entropy&cs=tinysrgb&w=200&fit=max&ixid=eyJhcHBfaWQiOjEzMjA3NH0"
"174","Chevrolet","Corvette","1965","SCFEFBAC0AG005301","Puce","78550","Racine","Wisconsin","53405","-67.2328","48.7034","Integer aliquet\, massa id lobortis convallis\, tortor risus dapibus augue\, vel accumsan tellus nisi eu orci. Mauris lacinia sapien quis libero. Nullam sit amet turpis elementum ligula vehicula consequat. Morbi a ipsum. Integer a nibh. In quis justo. Maecenas rhoncus aliquam lacus. Morbi quis tortor id nulla ultrices aliquet. Maecenas leo odio\, condimentum id\, luctus nec\, molestie sed\, justo. Pellentesque viverra pede ac diam.","Drew_Friesen","Matilde Thorp","https://images.unsplash.com/photo-1544629617-addd0027c96d?ixlib=rb-1.2.1&q=80&fm=jpg&crop=entropy&cs=tinysrgb&w=1080&fit=max&ixid=eyJhcHBfaWQiOjEzMjA3NH0","https://images.unsplash.com/photo-1544629617-addd0027c96d?ixlib=rb-1.2.1&q=80&fm=jpg&crop=entropy&cs=tinysrgb&w=200&fit=max&ixid=eyJhcHBfaWQiOjEzMjA3NH0"
"173","Toyota","T100","1994","WAUMF78P26A736528","Indigo","31725","Dallas","Texas","75205","-153.0695","-30.2472","In quis justo. Maecenas rhoncus aliquam lacus. Morbi quis tortor id nulla ultrices aliquet.","Keaton.Keebler","Genny Houlston","https://images.unsplash.com/photo-1488611805193-d118faf1f418?ixlib=rb-1.2.1&q=80&fm=jpg&crop=entropy&cs=tinysrgb&w=1080&fit=max&ixid=eyJhcHBfaWQiOjEzMjA3NH0","https://images.unsplash.com/photo-1488611805193-d118faf1f418?ixlib=rb-1.2.1&q=80&fm=jpg&crop=entropy&cs=tinysrgb&w=200&fit=max&ixid=eyJhcHBfaWQiOjEzMjA3NH0"
"172","Cadillac","XLR","2008","19XFA1E6XAE999410","Green","55447","Washington","District of Columbia","20319","-14.9585","-78.2502","Maecenas leo odio\, condimentum id\, luctus nec\, molestie sed\, justo. Pellentesque viverra pede ac diam.","Fabian84","Candice Cropton","https://images.unsplash.com/photo-1544381312-f965175ed0fd?ixlib=rb-1.2.1&q=80&fm=jpg&crop=entropy&cs=tinysrgb&w=1080&fit=max&ixid=eyJhcHBfaWQiOjEzMjA3NH0","https://images.unsplash.com/photo-1544381312-f965175ed0fd?ixlib=rb-1.2.1&q=80&fm=jpg&crop=entropy&cs=tinysrgb&w=200&fit=max&ixid=eyJhcHBfaWQiOjEzMjA3NH0"
"171","Jeep","Cherokee","1995","WBAUT93549A338302","Pink","99347","Hollywood","Florida","33023","-80.3007","-73.7546","Integer pede justo\, lacinia eget\, tincidunt eget\, tempus vel\, pede. Morbi porttitor lorem id ligula. Suspendisse ornare consequat lectus. In est risus\, auctor sed\, tristique in\, tempus sit amet\, sem. Fusce consequat. Nulla nisl. Nunc nisl.","Dustin.Cartwright","Corbie Hugin","https://images.unsplash.com/photo-1544259888-91a454bc2037?ixlib=rb-1.2.1&q=80&fm=jpg&crop=entropy&cs=tinysrgb&w=1080&fit=max&ixid=eyJhcHBfaWQiOjEzMjA3NH0","https://images.unsplash.com/photo-1544259888-91a454bc2037?ixlib=rb-1.2.1&q=80&fm=jpg&crop=entropy&cs=tinysrgb&w=200&fit=max&ixid=eyJhcHBfaWQiOjEzMjA3NH0"
"170","Suzuki","Esteem","1999","2HNYD18665H990767","Turquoise","71930","San Jose","California","95173","84.4118","-83.6869","Pellentesque at nulla. Suspendisse potenti. Cras in purus eu magna vulputate luctus. Cum sociis natoque penatibus et magnis dis parturient montes\, nascetur ridiculus mus. Vivamus vestibulum sagittis sapien.","Quincy.Paucek","Cris Winkle","https://images.unsplash.com/photo-1542332974-b1ec81c8494d?ixlib=rb-1.2.1&q=80&fm=jpg&crop=entropy&cs=tinysrgb&w=1080&fit=max&ixid=eyJhcHBfaWQiOjEzMjA3NH0","https://images.unsplash.com/photo-1542332974-b1ec81c8494d?ixlib=rb-1.2.1&q=80&fm=jpg&crop=entropy&cs=tinysrgb&w=200&fit=max&ixid=eyJhcHBfaWQiOjEzMjA3NH0"
"169","Dodge","Nitro","2008","WBADS33493G159927","Puce","74670","Tulsa","Oklahoma","74170","-86.0357","-45.118","Donec diam neque\, vestibulum eget\, vulputate ut\, ultrices vel\, augue. Vestibulum ante ipsum primis in faucibus orci luctus et ultrices posuere cubilia Curae; Donec pharetra\, magna vestibulum aliquet ultrices\, erat tortor sollicitudin mi\, sit amet lobortis sapien sapien non mi.","Bradford_Ritchie","Victoir Curgenven","https://images.unsplash.com/photo-1545553708-263d16d1064d?ixlib=rb-1.2.1&q=80&fm=jpg&crop=entropy&cs=tinysrgb&w=1080&fit=max&ixid=eyJhcHBfaWQiOjEzMjA3NH0","https://images.unsplash.com/photo-1545553708-263d16d1064d?ixlib=rb-1.2.1&q=80&fm=jpg&crop=entropy&cs=tinysrgb&w=200&fit=max&ixid=eyJhcHBfaWQiOjEzMjA3NH0"
"168","GMC","Savana 2500","1997","WBSBL934X4P154966","Yellow","44702","Minneapolis","Minnesota","55402","-15.0302","-51.5761","Proin interdum mauris non ligula pellentesque ultrices. Phasellus id sapien in sapien iaculis congue. Vivamus metus arcu\, adipiscing molestie\, hendrerit at\, vulputate vitae\, nisl. Aenean lectus.","Jane.Rosenbaum","Puff Abarough","https://images.unsplash.com/photo-1494363730993-e83a809ca9a0?ixlib=rb-1.2.1&q=80&fm=jpg&crop=entropy&cs=tinysrgb&w=1080&fit=max&ixid=eyJhcHBfaWQiOjEzMjA3NH0","https://images.unsplash.com/photo-1494363730993-e83a809ca9a0?ixlib=rb-1.2.1&q=80&fm=jpg&crop=entropy&cs=tinysrgb&w=200&fit=max&ixid=eyJhcHBfaWQiOjEzMjA3NH0"
"167","Mazda","RX-8","2010","3VW467AT7DM125496","Khaki","88359","Cincinnati","Ohio","45203","-21.3489","70.0162","Aenean sit amet justo. Morbi ut odio. Cras mi pede\, malesuada in\, imperdiet et\, commodo vulputate\, justo. In blandit ultrices enim. Lorem ipsum dolor sit amet\, consectetuer adipiscing elit. Proin interdum mauris non ligula pellentesque ultrices. Phasellus id sapien in sapien iaculis congue. Vivamus metus arcu\, adipiscing molestie\, hendrerit at\, vulputate vitae\, nisl. Aenean lectus. Pellentesque eget nunc.","Mathias44","Morena Heggman","https://images.unsplash.com/photo-1545435041-f0801cf7465c?ixlib=rb-1.2.1&q=80&fm=jpg&crop=entropy&cs=tinysrgb&w=1080&fit=max&ixid=eyJhcHBfaWQiOjEzMjA3NH0","https://images.unsplash.com/photo-1545435041-f0801cf7465c?ixlib=rb-1.2.1&q=80&fm=jpg&crop=entropy&cs=tinysrgb&w=200&fit=max&ixid=eyJhcHBfaWQiOjEzMjA3NH0"
"166","Dodge","Viper","2002","WBADT53421C217633","Pink","46181","Gaithersburg","Maryland","20883","122.6548","-82.1355","Vestibulum rutrum rutrum neque. Aenean auctor gravida sem. Praesent id massa id nisl venenatis lacinia. Aenean sit amet justo. Morbi ut odio. Cras mi pede\, malesuada in\, imperdiet et\, commodo vulputate\, justo. In blandit ultrices enim. Lorem ipsum dolor sit amet\, consectetuer adipiscing elit.","Waylon_Haley22","Kaja Cruz","https://images.unsplash.com/photo-1543523385-138b458f82fe?ixlib=rb-1.2.1&q=80&fm=jpg&crop=entropy&cs=tinysrgb&w=1080&fit=max&ixid=eyJhcHBfaWQiOjEzMjA3NH0","https://images.unsplash.com/photo-1543523385-138b458f82fe?ixlib=rb-1.2.1&q=80&fm=jpg&crop=entropy&cs=tinysrgb&w=200&fit=max&ixid=eyJhcHBfaWQiOjEzMjA3NH0"
"165","Jeep","Patriot","2010","1LNHL9DR2AG130826","Indigo","87423","Amarillo","Texas","79116","172.7934","43.0366","Suspendisse ornare consequat lectus. In est risus\, auctor sed\, tristique in\, tempus sit amet\, sem. Fusce consequat.","Gregory.Champlin","Pryce Tasch","https://images.unsplash.com/photo-1545082798-e07b474d5f55?ixlib=rb-1.2.1&q=80&fm=jpg&crop=entropy&cs=tinysrgb&w=1080&fit=max&ixid=eyJhcHBfaWQiOjEzMjA3NH0","https://images.unsplash.com/photo-1545082798-e07b474d5f55?ixlib=rb-1.2.1&q=80&fm=jpg&crop=entropy&cs=tinysrgb&w=200&fit=max&ixid=eyJhcHBfaWQiOjEzMjA3NH0"
"164","Saturn","VUE","2010","WAUSVAFA1AN539079","Crimson","71200","Santa Barbara","California","93111","-156.8975","26.5444","Cras non velit nec nisi vulputate nonummy. Maecenas tincidunt lacus at velit. Vivamus vel nulla eget eros elementum pellentesque. Quisque porta volutpat erat. Quisque erat eros\, viverra eget\, congue eget\, semper rutrum\, nulla. Nunc purus. Phasellus in felis. Donec semper sapien a libero. Nam dui.","Colby_Quitzon","Field Ceeley","https://images.unsplash.com/photo-1504455637435-8d1a13cd8a93?ixlib=rb-1.2.1&q=80&fm=jpg&crop=entropy&cs=tinysrgb&w=1080&fit=max&ixid=eyJhcHBfaWQiOjEzMjA3NH0","https://images.unsplash.com/photo-1504455637435-8d1a13cd8a93?ixlib=rb-1.2.1&q=80&fm=jpg&crop=entropy&cs=tinysrgb&w=200&fit=max&ixid=eyJhcHBfaWQiOjEzMjA3NH0"
"163","Toyota","Camry","2003","WA1YD64B34N452453","Blue","66507","Lafayette","Indiana","47905","99.4709","25.8956","Proin leo odio\, porttitor id\, consequat in\, consequat ut\, nulla. Sed accumsan felis. Ut at dolor quis odio consequat varius.","Kieran.Spencer0","Juli Ferrino","https://images.unsplash.com/photo-1519752235002-1f7189299e90?ixlib=rb-1.2.1&q=80&fm=jpg&crop=entropy&cs=tinysrgb&w=1080&fit=max&ixid=eyJhcHBfaWQiOjEzMjA3NH0","https://images.unsplash.com/photo-1519752235002-1f7189299e90?ixlib=rb-1.2.1&q=80&fm=jpg&crop=entropy&cs=tinysrgb&w=200&fit=max&ixid=eyJhcHBfaWQiOjEzMjA3NH0"
"162","Nissan","NX","1993","4F2CY0C71AK158271","Aquamarine","62308","Salt Lake City","Utah","84199","-164.3813","-16.253","Curabitur in libero ut massa volutpat convallis. Morbi odio odio\, elementum eu\, interdum eu\, tincidunt in\, leo. Maecenas pulvinar lobortis est. Phasellus sit amet erat. Nulla tempus. Vivamus in felis eu sapien cursus vestibulum. Proin eu mi. Nulla ac enim.","Zackary13","Avrit Cappleman","https://images.unsplash.com/photo-1472711275738-f8c6aea910dc?ixlib=rb-1.2.1&q=80&fm=jpg&crop=entropy&cs=tinysrgb&w=1080&fit=max&ixid=eyJhcHBfaWQiOjEzMjA3NH0","https://images.unsplash.com/photo-1472711275738-f8c6aea910dc?ixlib=rb-1.2.1&q=80&fm=jpg&crop=entropy&cs=tinysrgb&w=200&fit=max&ixid=eyJhcHBfaWQiOjEzMjA3NH0"
"161","Hyundai","Accent","2009","1G4HR54K23U314856","Violet","90245","College Station","Texas","77844","150.8048","58.4558","Etiam justo. Etiam pretium iaculis justo. In hac habitasse platea dictumst. Etiam faucibus cursus urna. Ut tellus. Nulla ut erat id mauris vulputate elementum.","Derrick_Zboncak","Alana Byk","https://images.unsplash.com/photo-1458942521101-2f2fb506cee3?ixlib=rb-1.2.1&q=80&fm=jpg&crop=entropy&cs=tinysrgb&w=1080&fit=max&ixid=eyJhcHBfaWQiOjEzMjA3NH0","https://images.unsplash.com/photo-1458942521101-2f2fb506cee3?ixlib=rb-1.2.1&q=80&fm=jpg&crop=entropy&cs=tinysrgb&w=200&fit=max&ixid=eyJhcHBfaWQiOjEzMjA3NH0"
"160","Dodge","Dakota Club","1996","WAUMR94E68N288765","Puce","73338","New York City","New York","10275","108.9847","29.9181","Maecenas tristique\, est et tempus semper\, est quam pharetra magna\, ac consequat metus sapien ut nunc. Vestibulum ante ipsum primis in faucibus orci luctus et ultrices posuere cubilia Curae; Mauris viverra diam vitae quam. Suspendisse potenti. Nullam porttitor lacus at turpis. Donec posuere metus vitae ipsum. Aliquam non mauris. Morbi non lectus. Aliquam sit amet diam in magna bibendum imperdiet. Nullam orci pede\, venenatis non\, sodales sed\, tincidunt eu\, felis.","Victoria_Zemlak7","Jereme Timberlake","https://images.unsplash.com/photo-1526284133948-37c18d06de62?ixlib=rb-1.2.1&q=80&fm=jpg&crop=entropy&cs=tinysrgb&w=1080&fit=max&ixid=eyJhcHBfaWQiOjEzMjA3NH0","https://images.unsplash.com/photo-1526284133948-37c18d06de62?ixlib=rb-1.2.1&q=80&fm=jpg&crop=entropy&cs=tinysrgb&w=200&fit=max&ixid=eyJhcHBfaWQiOjEzMjA3NH0"
"159","Pontiac","Trans Sport","1993","WAUTFAFH4DN637221","Goldenrod","2100","Houston","Texas","77266","-171.9644","14.9808","Fusce consequat. Nulla nisl. Nunc nisl. Duis bibendum\, felis sed interdum venenatis\, turpis enim blandit mi\, in porttitor pede justo eu massa.","Maxie34","Sephira Pietrowski","https://images.unsplash.com/photo-1539873907177-b024bb8c7523?ixlib=rb-1.2.1&q=80&fm=jpg&crop=entropy&cs=tinysrgb&w=1080&fit=max&ixid=eyJhcHBfaWQiOjEzMjA3NH0","https://images.unsplash.com/photo-1539873907177-b024bb8c7523?ixlib=rb-1.2.1&q=80&fm=jpg&crop=entropy&cs=tinysrgb&w=200&fit=max&ixid=eyJhcHBfaWQiOjEzMjA3NH0"
"158","Ferrari","F430 Spider","2006","3D73Y3CL9BG331905","Aquamarine","75901","El Paso","Texas","88589","-122.785","-47.2284","Praesent blandit lacinia erat. Vestibulum sed magna at nunc commodo placerat.","Melissa_Thompson","Emilio Simonard","https://images.unsplash.com/photo-1526285557296-2e075c8a2fe5?ixlib=rb-1.2.1&q=80&fm=jpg&crop=entropy&cs=tinysrgb&w=1080&fit=max&ixid=eyJhcHBfaWQiOjEzMjA3NH0","https://images.unsplash.com/photo-1526285557296-2e075c8a2fe5?ixlib=rb-1.2.1&q=80&fm=jpg&crop=entropy&cs=tinysrgb&w=200&fit=max&ixid=eyJhcHBfaWQiOjEzMjA3NH0"
"157","Buick","Lucerne","2007","WAUBFAFLXCA413909","Purple","19085","Columbus","Georgia","31904","-27.016","16.4791","Morbi non lectus. Aliquam sit amet diam in magna bibendum imperdiet. Nullam orci pede\, venenatis non\, sodales sed\, tincidunt eu\, felis. Fusce posuere felis sed lacus. Morbi sem mauris\, laoreet ut\, rhoncus aliquet\, pulvinar sed\, nisl.","Roger91","Pegeen Conquer","https://images.unsplash.com/photo-1535360196185-5f8e2a279419?ixlib=rb-1.2.1&q=80&fm=jpg&crop=entropy&cs=tinysrgb&w=1080&fit=max&ixid=eyJhcHBfaWQiOjEzMjA3NH0","https://images.unsplash.com/photo-1535360196185-5f8e2a279419?ixlib=rb-1.2.1&q=80&fm=jpg&crop=entropy&cs=tinysrgb&w=200&fit=max&ixid=eyJhcHBfaWQiOjEzMjA3NH0"
"156","Mercury","Tracer","1997","1G4GD5G36FF385002","Red","56507","Erie","Pennsylvania","16510","-146.4086","60.6377","Duis at velit eu est congue elementum. In hac habitasse platea dictumst. Morbi vestibulum\, velit id pretium iaculis\, diam erat fermentum justo\, nec condimentum neque sapien placerat ante. Nulla justo. Aliquam quis turpis eget elit sodales scelerisque. Mauris sit amet eros. Suspendisse accumsan tortor quis turpis. Sed ante.","Jena.Cummerata","Katy Yoselevitch","https://images.unsplash.com/photo-1517778185591-4773cb0ce332?ixlib=rb-1.2.1&q=80&fm=jpg&crop=entropy&cs=tinysrgb&w=1080&fit=max&ixid=eyJhcHBfaWQiOjEzMjA3NH0","https://images.unsplash.com/photo-1517778185591-4773cb0ce332?ixlib=rb-1.2.1&q=80&fm=jpg&crop=entropy&cs=tinysrgb&w=200&fit=max&ixid=eyJhcHBfaWQiOjEzMjA3NH0"
"155","Subaru","Loyale","1993","WBAGN835X4D480503","Crimson","81352","Suffolk","Virginia","23436","-62.3074","56.7925","Curabitur in libero ut massa volutpat convallis. Morbi odio odio\, elementum eu\, interdum eu\, tincidunt in\, leo.","Margie_Hermann","Leodora Beldum","https://images.unsplash.com/photo-1493825132315-f7dd8ba0cbcb?ixlib=rb-1.2.1&q=80&fm=jpg&crop=entropy&cs=tinysrgb&w=1080&fit=max&ixid=eyJhcHBfaWQiOjEzMjA3NH0","https://images.unsplash.com/photo-1493825132315-f7dd8ba0cbcb?ixlib=rb-1.2.1&q=80&fm=jpg&crop=entropy&cs=tinysrgb&w=200&fit=max&ixid=eyJhcHBfaWQiOjEzMjA3NH0"
"154","Chevrolet","Sportvan G20","1993","JH4DC53822C798072","Pink","35413","Garden Grove","California","92844","-107.0574","39.9472","Nulla ac enim. In tempor\, turpis nec euismod scelerisque\, quam turpis adipiscing lorem\, vitae mattis nibh ligula nec sem. Duis aliquam convallis nunc. Proin at turpis a pede posuere nonummy. Integer non velit.","Alana.Walsh","Kinna Rabson","https://images.unsplash.com/photo-1510876539703-90a6a35ffb89?ixlib=rb-1.2.1&q=80&fm=jpg&crop=entropy&cs=tinysrgb&w=1080&fit=max&ixid=eyJhcHBfaWQiOjEzMjA3NH0","https://images.unsplash.com/photo-1510876539703-90a6a35ffb89?ixlib=rb-1.2.1&q=80&fm=jpg&crop=entropy&cs=tinysrgb&w=200&fit=max&ixid=eyJhcHBfaWQiOjEzMjA3NH0"
"153","Chevrolet","Silverado 2500","2012","1G6DM577380064098","Blue","64997","Chicago","Illinois","60619","-0.1507","-36.6021","Cras mi pede\, malesuada in\, imperdiet et\, commodo vulputate\, justo. In blandit ultrices enim. Lorem ipsum dolor sit amet\, consectetuer adipiscing elit. Proin interdum mauris non ligula pellentesque ultrices. Phasellus id sapien in sapien iaculis congue. Vivamus metus arcu\, adipiscing molestie\, hendrerit at\, vulputate vitae\, nisl. Aenean lectus. Pellentesque eget nunc. Donec quis orci eget orci vehicula condimentum. Curabitur in libero ut massa volutpat convallis.","Arlie.Muller44","Danyette Skippon","https://images.unsplash.com/photo-1508974239320-0a029497e820?ixlib=rb-1.2.1&q=80&fm=jpg&crop=entropy&cs=tinysrgb&w=1080&fit=max&ixid=eyJhcHBfaWQiOjEzMjA3NH0","https://images.unsplash.com/photo-1508974239320-0a029497e820?ixlib=rb-1.2.1&q=80&fm=jpg&crop=entropy&cs=tinysrgb&w=200&fit=max&ixid=eyJhcHBfaWQiOjEzMjA3NH0"
"152","Ford","Escape","2002","19UUA9F75CA863139","Fuscia","79470","Lancaster","California","93584","-70.7972","54.7331","In blandit ultrices enim. Lorem ipsum dolor sit amet\, consectetuer adipiscing elit. Proin interdum mauris non ligula pellentesque ultrices. Phasellus id sapien in sapien iaculis congue. Vivamus metus arcu\, adipiscing molestie\, hendrerit at\, vulputate vitae\, nisl. Aenean lectus. Pellentesque eget nunc. Donec quis orci eget orci vehicula condimentum. Curabitur in libero ut massa volutpat convallis.","Edd88","Giff Dowdney","https://images.unsplash.com/photo-1509443288516-f1db37dbae10?ixlib=rb-1.2.1&q=80&fm=jpg&crop=entropy&cs=tinysrgb&w=1080&fit=max&ixid=eyJhcHBfaWQiOjEzMjA3NH0","https://images.unsplash.com/photo-1509443288516-f1db37dbae10?ixlib=rb-1.2.1&q=80&fm=jpg&crop=entropy&cs=tinysrgb&w=200&fit=max&ixid=eyJhcHBfaWQiOjEzMjA3NH0"
"151","Nissan","Maxima","2004","WBA3C3G59EN142443","Goldenrod","68145","Yonkers","New York","10705","-70.6391","78.9186","Vivamus tortor. Duis mattis egestas metus. Aenean fermentum. Donec ut mauris eget massa tempor convallis. Nulla neque libero\, convallis eget\, eleifend luctus\, ultricies eu\, nibh.","Emmanuel.Jacobson45","Joyous Eadmeades","https://images.unsplash.com/photo-1538690560694-c770d02e202c?ixlib=rb-1.2.1&q=80&fm=jpg&crop=entropy&cs=tinysrgb&w=1080&fit=max&ixid=eyJhcHBfaWQiOjEzMjA3NH0","https://images.unsplash.com/photo-1538690560694-c770d02e202c?ixlib=rb-1.2.1&q=80&fm=jpg&crop=entropy&cs=tinysrgb&w=200&fit=max&ixid=eyJhcHBfaWQiOjEzMjA3NH0"
"150","Chevrolet","Caprice Classic","1994","3N1CN7AP3DL845312","Puce","58812","Baton Rouge","Louisiana","70820","-98.9048","64.3834","Nulla nisl. Nunc nisl. Duis bibendum\, felis sed interdum venenatis\, turpis enim blandit mi\, in porttitor pede justo eu massa. Donec dapibus. Duis at velit eu est congue elementum. In hac habitasse platea dictumst.","Declan_Ziemann3","Basile Rounsivall","https://images.unsplash.com/photo-1537482122596-17ca14a4c564?ixlib=rb-1.2.1&q=80&fm=jpg&crop=entropy&cs=tinysrgb&w=1080&fit=max&ixid=eyJhcHBfaWQiOjEzMjA3NH0","https://images.unsplash.com/photo-1537482122596-17ca14a4c564?ixlib=rb-1.2.1&q=80&fm=jpg&crop=entropy&cs=tinysrgb&w=200&fit=max&ixid=eyJhcHBfaWQiOjEzMjA3NH0"
"149","Chevrolet","G-Series 3500","1998","5N1CR2MM7EC132914","Puce","10163","Peoria","Illinois","61640","-172.4413","-49.2727","Maecenas leo odio\, condimentum id\, luctus nec\, molestie sed\, justo. Pellentesque viverra pede ac diam. Cras pellentesque volutpat dui. Maecenas tristique\, est et tempus semper\, est quam pharetra magna\, ac consequat metus sapien ut nunc. Vestibulum ante ipsum primis in faucibus orci luctus et ultrices posuere cubilia Curae; Mauris viverra diam vitae quam. Suspendisse potenti. Nullam porttitor lacus at turpis. Donec posuere metus vitae ipsum. Aliquam non mauris. Morbi non lectus.","Chelsey.Wiza","Blancha Dooler","https://images.unsplash.com/photo-1517779894653-4c49f68b4d66?ixlib=rb-1.2.1&q=80&fm=jpg&crop=entropy&cs=tinysrgb&w=1080&fit=max&ixid=eyJhcHBfaWQiOjEzMjA3NH0","https://images.unsplash.com/photo-1517779894653-4c49f68b4d66?ixlib=rb-1.2.1&q=80&fm=jpg&crop=entropy&cs=tinysrgb&w=200&fit=max&ixid=eyJhcHBfaWQiOjEzMjA3NH0"
"148","Mitsubishi","Eclipse","2002","SAJWJ0EF4E8579542","Mauv","58915","Muskegon","Michigan","49444","-48.7211","-45.4665","Aliquam sit amet diam in magna bibendum imperdiet. Nullam orci pede\, venenatis non\, sodales sed\, tincidunt eu\, felis. Fusce posuere felis sed lacus. Morbi sem mauris\, laoreet ut\, rhoncus aliquet\, pulvinar sed\, nisl. Nunc rhoncus dui vel sem. Sed sagittis.","Laurie.Weimann","Fredric Laundon","https://images.unsplash.com/photo-1537148044487-4daf8c37c338?ixlib=rb-1.2.1&q=80&fm=jpg&crop=entropy&cs=tinysrgb&w=1080&fit=max&ixid=eyJhcHBfaWQiOjEzMjA3NH0","https://images.unsplash.com/photo-1537148044487-4daf8c37c338?ixlib=rb-1.2.1&q=80&fm=jpg&crop=entropy&cs=tinysrgb&w=200&fit=max&ixid=eyJhcHBfaWQiOjEzMjA3NH0"
"147","Cadillac","Escalade ESV","2010","JH4DC53862C707238","Khaki","48304","Pompano Beach","Florida","33075","-116.2555","17.3907","Vivamus metus arcu\, adipiscing molestie\, hendrerit at\, vulputate vitae\, nisl. Aenean lectus. Pellentesque eget nunc. Donec quis orci eget orci vehicula condimentum. Curabitur in libero ut massa volutpat convallis. Morbi odio odio\, elementum eu\, interdum eu\, tincidunt in\, leo.","Kristina21","Thurstan Duddin","https://images.unsplash.com/photo-1527997029767-1222b59f9686?ixlib=rb-1.2.1&q=80&fm=jpg&crop=entropy&cs=tinysrgb&w=1080&fit=max&ixid=eyJhcHBfaWQiOjEzMjA3NH0","https://images.unsplash.com/photo-1527997029767-1222b59f9686?ixlib=rb-1.2.1&q=80&fm=jpg&crop=entropy&cs=tinysrgb&w=200&fit=max&ixid=eyJhcHBfaWQiOjEzMjA3NH0"
"146","Dodge","Durango","2007","2T3BF4DV4BW573597","Crimson","41242","North Port","Florida","34290","-103.0738","63.1509","Nam dui. Proin leo odio\, porttitor id\, consequat in\, consequat ut\, nulla. Sed accumsan felis. Ut at dolor quis odio consequat varius. Integer ac leo. Pellentesque ultrices mattis odio. Donec vitae nisi. Nam ultrices\, libero non mattis pulvinar\, nulla pede ullamcorper augue\, a suscipit nulla elit ac nulla. Sed vel enim sit amet nunc viverra dapibus. Nulla suscipit ligula in lacus.","Robin.Heller43","Rorie Springett","https://images.unsplash.com/photo-1534611151831-7ce93646080e?ixlib=rb-1.2.1&q=80&fm=jpg&crop=entropy&cs=tinysrgb&w=1080&fit=max&ixid=eyJhcHBfaWQiOjEzMjA3NH0","https://images.unsplash.com/photo-1534611151831-7ce93646080e?ixlib=rb-1.2.1&q=80&fm=jpg&crop=entropy&cs=tinysrgb&w=200&fit=max&ixid=eyJhcHBfaWQiOjEzMjA3NH0"
"145","Lotus","Exige","2007","5TDBK3EH2DS614926","Goldenrod","86235","Montgomery","Alabama","36104","142.9348","55.7538","Aliquam erat volutpat. In congue.","Beth22","Broderick Wenn","https://images.unsplash.com/photo-1538871342908-210e5a93b3ff?ixlib=rb-1.2.1&q=80&fm=jpg&crop=entropy&cs=tinysrgb&w=1080&fit=max&ixid=eyJhcHBfaWQiOjEzMjA3NH0","https://images.unsplash.com/photo-1538871342908-210e5a93b3ff?ixlib=rb-1.2.1&q=80&fm=jpg&crop=entropy&cs=tinysrgb&w=200&fit=max&ixid=eyJhcHBfaWQiOjEzMjA3NH0"
"144","Lexus","GS","2009","1G6DF577680592129","Teal","32635","Detroit","Michigan","48267","105.7537","-20.2531","In quis justo. Maecenas rhoncus aliquam lacus. Morbi quis tortor id nulla ultrices aliquet. Maecenas leo odio\, condimentum id\, luctus nec\, molestie sed\, justo.","Cara_Smitham43","Mil Camellini","https://images.unsplash.com/photo-1534196837746-0f4dbab0ce98?ixlib=rb-1.2.1&q=80&fm=jpg&crop=entropy&cs=tinysrgb&w=1080&fit=max&ixid=eyJhcHBfaWQiOjEzMjA3NH0","https://images.unsplash.com/photo-1534196837746-0f4dbab0ce98?ixlib=rb-1.2.1&q=80&fm=jpg&crop=entropy&cs=tinysrgb&w=200&fit=max&ixid=eyJhcHBfaWQiOjEzMjA3NH0"
"143","Plymouth","Laser","1993","1GYS3FEJ7BR925887","Teal","35488","Columbus","Georgia","31904","27.4755","89.457","Quisque id justo sit amet sapien dignissim vestibulum. Vestibulum ante ipsum primis in faucibus orci luctus et ultrices posuere cubilia Curae; Nulla dapibus dolor vel est. Donec odio justo\, sollicitudin ut\, suscipit a\, feugiat et\, eros. Vestibulum ac est lacinia nisi venenatis tristique. Fusce congue\, diam id ornare imperdiet\, sapien urna pretium nisl\, ut volutpat sapien arcu sed augue. Aliquam erat volutpat. In congue. Etiam justo. Etiam pretium iaculis justo.","Jared46","Sylvan Stadden","https://images.unsplash.com/photo-1527430414757-e0d60dc444bd?ixlib=rb-1.2.1&q=80&fm=jpg&crop=entropy&cs=tinysrgb&w=1080&fit=max&ixid=eyJhcHBfaWQiOjEzMjA3NH0","https://images.unsplash.com/photo-1527430414757-e0d60dc444bd?ixlib=rb-1.2.1&q=80&fm=jpg&crop=entropy&cs=tinysrgb&w=200&fit=max&ixid=eyJhcHBfaWQiOjEzMjA3NH0"
"142","Ford","F350","2007","5FNYF3H48FB355759","Fuscia","70785","San Antonio","Texas","78250","133.196","69.9336","Pellentesque ultrices mattis odio. Donec vitae nisi. Nam ultrices\, libero non mattis pulvinar\, nulla pede ullamcorper augue\, a suscipit nulla elit ac nulla. Sed vel enim sit amet nunc viverra dapibus. Nulla suscipit ligula in lacus.","Vince95","Austine Tabor","https://images.unsplash.com/photo-1534197078829-d26bd30a64bf?ixlib=rb-1.2.1&q=80&fm=jpg&crop=entropy&cs=tinysrgb&w=1080&fit=max&ixid=eyJhcHBfaWQiOjEzMjA3NH0","https://images.unsplash.com/photo-1534197078829-d26bd30a64bf?ixlib=rb-1.2.1&q=80&fm=jpg&crop=entropy&cs=tinysrgb&w=200&fit=max&ixid=eyJhcHBfaWQiOjEzMjA3NH0"
"141","Dodge","Ram 1500","2005","WAUFFBFL1AN117738","Goldenrod","97833","Cedar Rapids","Iowa","52405","-73.9949","-47.6447","Morbi vestibulum\, velit id pretium iaculis\, diam erat fermentum justo\, nec condimentum neque sapien placerat ante. Nulla justo. Aliquam quis turpis eget elit sodales scelerisque. Mauris sit amet eros. Suspendisse accumsan tortor quis turpis.","Chaya_Nader79","Susan Castanos","https://images.unsplash.com/photo-1504511980273-51fc362ebcb2?ixlib=rb-1.2.1&q=80&fm=jpg&crop=entropy&cs=tinysrgb&w=1080&fit=max&ixid=eyJhcHBfaWQiOjEzMjA3NH0","https://images.unsplash.com/photo-1504511980273-51fc362ebcb2?ixlib=rb-1.2.1&q=80&fm=jpg&crop=entropy&cs=tinysrgb&w=200&fit=max&ixid=eyJhcHBfaWQiOjEzMjA3NH0"
